-- phpMyAdmin SQL Dump
-- version 5.2.1
-- https://www.phpmyadmin.net/
--
-- Host: 127.0.0.1
-- Generation Time: Jun 19, 2023 at 10:52 PM
-- Server version: 10.4.28-MariaDB
-- PHP Version: 8.2.4

SET SQL_MODE = "NO_AUTO_VALUE_ON_ZERO";
START TRANSACTION;
SET time_zone = "+00:00";


/*!40101 SET @OLD_CHARACTER_SET_CLIENT=@@CHARACTER_SET_CLIENT */;
/*!40101 SET @OLD_CHARACTER_SET_RESULTS=@@CHARACTER_SET_RESULTS */;
/*!40101 SET @OLD_COLLATION_CONNECTION=@@COLLATION_CONNECTION */;
/*!40101 SET NAMES utf8mb4 */;

--
-- Database: `1519parties`
--

-- --------------------------------------------------------

--
-- Table structure for table `parties`
--

CREATE TABLE `parties` (
  `party_id` int(11) NOT NULL,
  `party_name` varchar(255) DEFAULT NULL
) ENGINE=InnoDB DEFAULT CHARSET=utf8mb4 COLLATE=utf8mb4_general_ci;

--
-- Dumping data for table `parties`
--

INSERT INTO `parties` (`party_id`, `party_name`) VALUES
(0, 'VVD'),
(1, 'D66'),
(2, 'PvDa'),
(3, 'CDA'),
(4, 'SP'),
(5, 'PvdD'),
(6, 'BBB'),
(7, 'CU'),
(8, 'FVD'),
(9, 'SGP'),
(10, 'Volt nederland'),
(11, 'Denk'),
(12, '50 PLUS'),
(13, 'PVV'),
(14, 'JA21');

-- --------------------------------------------------------

--
-- Table structure for table `party_positions`
--

CREATE TABLE `party_positions` (
  `party_id` int(11) DEFAULT NULL,
  `statement_id` int(11) DEFAULT NULL,
  `response` varchar(10) DEFAULT NULL
) ENGINE=InnoDB DEFAULT CHARSET=utf8mb4 COLLATE=utf8mb4_general_ci;

--
-- Dumping data for table `party_positions`
--

INSERT INTO `party_positions` (`party_id`, `statement_id`, `response`) VALUES
(0, 0, 'agree'),
(0, 1, 'agree'),
(0, 2, 'agree'),
(0, 3, 'agree'),
(0, 4, 'agree'),
(0, 5, 'agree'),
(0, 6, 'agree'),
(0, 7, 'agree'),
(0, 8, 'agree'),
(0, 9, 'agree'),
(0, 10, 'disagree'),
(0, 11, 'disagree'),
(0, 12, 'disagree'),
(0, 13, 'disagree'),
(0, 14, 'disagree'),
(0, 15, 'disagree'),
(0, 16, 'disagree'),
(0, 17, 'disagree'),
(0, 18, 'disagree'),
(0, 19, 'disagree'),
(0, 20, 'disagree'),
(0, 21, 'disagree'),
(0, 22, 'disagree'),
(0, 23, 'disagree'),
(0, 24, 'disagree'),
(0, 25, 'disagree'),
(0, 26, 'disagree'),
(0, 27, 'disagree'),
(0, 28, 'disagree'),
(0, 29, 'disagree'),
(0, 30, 'disagree'),
(0, 31, 'disagree'),
(0, 32, 'disagree'),
(0, 33, 'disagree'),
(0, 34, 'disagree'),
(0, 35, 'disagree'),
(0, 36, 'disagree'),
(0, 37, 'disagree'),
(0, 38, 'disagree'),
(0, 39, 'disagree'),
(0, 40, 'disagree'),
(0, 41, 'disagree'),
(0, 42, 'disagree'),
(0, 43, 'disagree'),
(0, 44, 'disagree'),
(0, 45, 'disagree'),
(0, 46, 'disagree'),
(0, 47, 'disagree'),
(0, 48, 'disagree'),
(0, 49, 'disagree'),
(0, 50, 'disagree'),
(0, 51, 'disagree'),
(0, 52, 'disagree'),
(0, 53, 'disagree'),
(0, 54, 'disagree'),
(0, 55, 'disagree'),
(0, 56, 'disagree'),
(0, 57, 'disagree'),
(0, 58, 'disagree'),
(0, 59, 'disagree'),
(0, 60, 'disagree'),
(0, 61, 'disagree'),
(0, 62, 'disagree'),
(0, 63, 'disagree'),
(0, 64, 'disagree'),
(0, 65, 'disagree'),
(0, 66, 'disagree'),
(0, 67, 'disagree'),
(0, 68, 'disagree'),
(0, 69, 'disagree'),
(0, 70, 'disagree'),
(0, 71, 'disagree'),
(0, 72, 'disagree'),
(0, 73, 'disagree'),
(0, 74, 'disagree'),
(0, 75, 'disagree'),
(0, 76, 'disagree'),
(0, 77, 'disagree'),
(0, 78, 'disagree'),
(0, 79, 'disagree'),
(0, 80, 'disagree'),
(0, 81, 'disagree'),
(0, 82, 'disagree'),
(0, 83, 'disagree'),
(0, 84, 'disagree'),
(0, 85, 'disagree'),
(0, 86, 'disagree'),
(0, 87, 'disagree'),
(0, 88, 'disagree'),
(0, 89, 'disagree'),
(0, 90, 'disagree'),
(0, 91, 'disagree'),
(0, 92, 'disagree'),
(0, 93, 'disagree'),
(0, 94, 'disagree'),
(0, 95, 'disagree'),
(0, 96, 'disagree'),
(0, 97, 'disagree'),
(0, 98, 'disagree'),
(0, 99, 'disagree'),
(0, 100, 'disagree'),
(0, 101, 'disagree'),
(0, 102, 'disagree'),
(0, 103, 'disagree'),
(0, 104, 'disagree'),
(0, 105, 'disagree'),
(0, 106, 'disagree'),
(0, 107, 'disagree'),
(0, 108, 'disagree'),
(0, 109, 'disagree'),
(0, 110, 'disagree'),
(0, 111, 'disagree'),
(0, 112, 'disagree'),
(0, 113, 'disagree'),
(0, 114, 'disagree'),
(0, 115, 'disagree'),
(0, 116, 'disagree'),
(0, 117, 'disagree'),
(0, 118, 'disagree'),
(0, 119, 'disagree'),
(0, 120, 'disagree'),
(0, 121, 'disagree'),
(0, 122, 'disagree'),
(0, 123, 'disagree'),
(0, 124, 'disagree'),
(0, 125, 'disagree'),
(0, 126, 'disagree'),
(0, 127, 'disagree'),
(0, 128, 'disagree'),
(0, 129, 'disagree'),
(0, 130, 'disagree'),
(0, 131, 'disagree'),
(0, 132, 'disagree'),
(0, 133, 'disagree'),
(0, 134, 'disagree'),
(0, 135, 'disagree'),
(0, 136, 'disagree'),
(0, 137, 'disagree'),
(0, 138, 'disagree'),
(0, 139, 'disagree'),
(0, 140, 'disagree'),
(0, 141, 'disagree'),
(0, 142, 'disagree'),
(0, 143, 'disagree'),
(0, 144, 'disagree'),
(0, 145, 'disagree'),
(0, 146, 'disagree'),
(0, 147, 'disagree'),
(0, 148, 'disagree'),
(0, 149, 'disagree'),
(1, 0, 'disagree'),
(1, 1, 'disagree'),
(1, 2, 'disagree'),
(1, 3, 'disagree'),
(1, 4, 'disagree'),
(1, 5, 'disagree'),
(1, 6, 'disagree'),
(1, 7, 'disagree'),
(1, 8, 'disagree'),
(1, 9, 'disagree'),
(1, 10, 'agree'),
(1, 11, 'agree'),
(1, 12, 'agree'),
(1, 13, 'agree'),
(1, 14, 'agree'),
(1, 15, 'agree'),
(1, 16, 'agree'),
(1, 17, 'agree'),
(1, 18, 'agree'),
(1, 19, 'agree'),
(1, 20, 'disagree'),
(1, 21, 'disagree'),
(1, 22, 'disagree'),
(1, 23, 'disagree'),
(1, 24, 'disagree'),
(1, 25, 'disagree'),
(1, 26, 'disagree'),
(1, 27, 'disagree'),
(1, 28, 'disagree'),
(1, 29, 'disagree'),
(1, 30, 'disagree'),
(1, 31, 'disagree'),
(1, 32, 'disagree'),
(1, 33, 'disagree'),
(1, 34, 'disagree'),
(1, 35, 'disagree'),
(1, 36, 'disagree'),
(1, 37, 'disagree'),
(1, 38, 'disagree'),
(1, 39, 'disagree'),
(1, 40, 'disagree'),
(1, 41, 'disagree'),
(1, 42, 'disagree'),
(1, 43, 'disagree'),
(1, 44, 'disagree'),
(1, 45, 'disagree'),
(1, 46, 'disagree'),
(1, 47, 'disagree'),
(1, 48, 'disagree'),
(1, 49, 'disagree'),
(1, 50, 'disagree'),
(1, 51, 'disagree'),
(1, 52, 'disagree'),
(1, 53, 'disagree'),
(1, 54, 'disagree'),
(1, 55, 'disagree'),
(1, 56, 'disagree'),
(1, 57, 'disagree'),
(1, 58, 'disagree'),
(1, 59, 'disagree'),
(1, 60, 'disagree'),
(1, 61, 'disagree'),
(1, 62, 'disagree'),
(1, 63, 'disagree'),
(1, 64, 'disagree'),
(1, 65, 'disagree'),
(1, 66, 'disagree'),
(1, 67, 'disagree'),
(1, 68, 'disagree'),
(1, 69, 'disagree'),
(1, 70, 'disagree'),
(1, 71, 'disagree'),
(1, 72, 'disagree'),
(1, 73, 'disagree'),
(1, 74, 'disagree'),
(1, 75, 'disagree'),
(1, 76, 'disagree'),
(1, 77, 'disagree'),
(1, 78, 'disagree'),
(1, 79, 'disagree'),
(1, 80, 'disagree'),
(1, 81, 'disagree'),
(1, 82, 'disagree'),
(1, 83, 'disagree'),
(1, 84, 'disagree'),
(1, 85, 'disagree'),
(1, 86, 'disagree'),
(1, 87, 'disagree'),
(1, 88, 'disagree'),
(1, 89, 'disagree'),
(1, 90, 'disagree'),
(1, 91, 'disagree'),
(1, 92, 'disagree'),
(1, 93, 'disagree'),
(1, 94, 'disagree'),
(1, 95, 'disagree'),
(1, 96, 'disagree'),
(1, 97, 'disagree'),
(1, 98, 'disagree'),
(1, 99, 'disagree'),
(1, 100, 'disagree'),
(1, 101, 'disagree'),
(1, 102, 'disagree'),
(1, 103, 'disagree'),
(1, 104, 'disagree'),
(1, 105, 'disagree'),
(1, 106, 'disagree'),
(1, 107, 'disagree'),
(1, 108, 'disagree'),
(1, 109, 'disagree'),
(1, 110, 'disagree'),
(1, 111, 'disagree'),
(1, 112, 'disagree'),
(1, 113, 'disagree'),
(1, 114, 'disagree'),
(1, 115, 'disagree'),
(1, 116, 'disagree'),
(1, 117, 'disagree'),
(1, 118, 'disagree'),
(1, 119, 'disagree'),
(1, 120, 'disagree'),
(1, 121, 'disagree'),
(1, 122, 'disagree'),
(1, 123, 'disagree'),
(1, 124, 'disagree'),
(1, 125, 'disagree'),
(1, 126, 'disagree'),
(1, 127, 'disagree'),
(1, 128, 'disagree'),
(1, 129, 'disagree'),
(1, 130, 'disagree'),
(1, 131, 'disagree'),
(1, 132, 'disagree'),
(1, 133, 'disagree'),
(1, 134, 'disagree'),
(1, 135, 'disagree'),
(1, 136, 'disagree'),
(1, 137, 'disagree'),
(1, 138, 'disagree'),
(1, 139, 'disagree'),
(1, 140, 'disagree'),
(1, 141, 'disagree'),
(1, 142, 'disagree'),
(1, 143, 'disagree'),
(1, 144, 'disagree'),
(1, 145, 'disagree'),
(1, 146, 'disagree'),
(1, 147, 'disagree'),
(1, 148, 'disagree'),
(1, 149, 'disagree'),
(2, 0, 'disagree'),
(2, 1, 'disagree'),
(2, 2, 'disagree'),
(2, 3, 'disagree'),
(2, 4, 'disagree'),
(2, 5, 'disagree'),
(2, 6, 'disagree'),
(2, 7, 'disagree'),
(2, 8, 'disagree'),
(2, 9, 'disagree'),
(2, 10, 'disagree'),
(2, 11, 'disagree'),
(2, 12, 'disagree'),
(2, 13, 'disagree'),
(2, 14, 'disagree'),
(2, 15, 'disagree'),
(2, 16, 'disagree'),
(2, 17, 'disagree'),
(2, 18, 'disagree'),
(2, 19, 'disagree'),
(2, 20, 'agree'),
(2, 21, 'agree'),
(2, 22, 'agree'),
(2, 23, 'agree'),
(2, 24, 'agree'),
(2, 25, 'agree'),
(2, 26, 'agree'),
(2, 27, 'agree'),
(2, 28, 'agree'),
(2, 29, 'agree'),
(2, 30, 'disagree'),
(2, 31, 'disagree'),
(2, 32, 'disagree'),
(2, 33, 'disagree'),
(2, 34, 'disagree'),
(2, 35, 'disagree'),
(2, 36, 'disagree'),
(2, 37, 'disagree'),
(2, 38, 'disagree'),
(2, 39, 'disagree'),
(2, 40, 'disagree'),
(2, 41, 'disagree'),
(2, 42, 'disagree'),
(2, 43, 'disagree'),
(2, 44, 'disagree'),
(2, 45, 'disagree'),
(2, 46, 'disagree'),
(2, 47, 'disagree'),
(2, 48, 'disagree'),
(2, 49, 'disagree'),
(2, 50, 'disagree'),
(2, 51, 'disagree'),
(2, 52, 'disagree'),
(2, 53, 'disagree'),
(2, 54, 'disagree'),
(2, 55, 'disagree'),
(2, 56, 'disagree'),
(2, 57, 'disagree'),
(2, 58, 'disagree'),
(2, 59, 'disagree'),
(2, 60, 'disagree'),
(2, 61, 'disagree'),
(2, 62, 'disagree'),
(2, 63, 'disagree'),
(2, 64, 'disagree'),
(2, 65, 'disagree'),
(2, 66, 'disagree'),
(2, 67, 'disagree'),
(2, 68, 'disagree'),
(2, 69, 'disagree'),
(2, 70, 'disagree'),
(2, 71, 'disagree'),
(2, 72, 'disagree'),
(2, 73, 'disagree'),
(2, 74, 'disagree'),
(2, 75, 'disagree'),
(2, 76, 'disagree'),
(2, 77, 'disagree'),
(2, 78, 'disagree'),
(2, 79, 'disagree'),
(2, 80, 'disagree'),
(2, 81, 'disagree'),
(2, 82, 'disagree'),
(2, 83, 'disagree'),
(2, 84, 'disagree'),
(2, 85, 'disagree'),
(2, 86, 'disagree'),
(2, 87, 'disagree'),
(2, 88, 'disagree'),
(2, 89, 'disagree'),
(2, 90, 'disagree'),
(2, 91, 'disagree'),
(2, 92, 'disagree'),
(2, 93, 'disagree'),
(2, 94, 'disagree'),
(2, 95, 'disagree'),
(2, 96, 'disagree'),
(2, 97, 'disagree'),
(2, 98, 'disagree'),
(2, 99, 'disagree'),
(2, 100, 'disagree'),
(2, 101, 'disagree'),
(2, 102, 'disagree'),
(2, 103, 'disagree'),
(2, 104, 'disagree'),
(2, 105, 'disagree'),
(2, 106, 'disagree'),
(2, 107, 'disagree'),
(2, 108, 'disagree'),
(2, 109, 'disagree'),
(2, 110, 'disagree'),
(2, 111, 'disagree'),
(2, 112, 'disagree'),
(2, 113, 'disagree'),
(2, 114, 'disagree'),
(2, 115, 'disagree'),
(2, 116, 'disagree'),
(2, 117, 'disagree'),
(2, 118, 'disagree'),
(2, 119, 'disagree'),
(2, 120, 'disagree'),
(2, 121, 'disagree'),
(2, 122, 'disagree'),
(2, 123, 'disagree'),
(2, 124, 'disagree'),
(2, 125, 'disagree'),
(2, 126, 'disagree'),
(2, 127, 'disagree'),
(2, 128, 'disagree'),
(2, 129, 'disagree'),
(2, 130, 'disagree'),
(2, 131, 'disagree'),
(2, 132, 'disagree'),
(2, 133, 'disagree'),
(2, 134, 'disagree'),
(2, 135, 'disagree'),
(2, 136, 'disagree'),
(2, 137, 'disagree'),
(2, 138, 'disagree'),
(2, 139, 'disagree'),
(2, 140, 'disagree'),
(2, 141, 'disagree'),
(2, 142, 'disagree'),
(2, 143, 'disagree'),
(2, 144, 'disagree'),
(2, 145, 'disagree'),
(2, 146, 'disagree'),
(2, 147, 'disagree'),
(2, 148, 'disagree'),
(2, 149, 'disagree'),
(3, 0, 'disagree'),
(3, 1, 'disagree'),
(3, 2, 'disagree'),
(3, 3, 'disagree'),
(3, 4, 'disagree'),
(3, 5, 'disagree'),
(3, 6, 'disagree'),
(3, 7, 'disagree'),
(3, 8, 'disagree'),
(3, 9, 'disagree'),
(3, 10, 'disagree'),
(3, 11, 'disagree'),
(3, 12, 'disagree'),
(3, 13, 'disagree'),
(3, 14, 'disagree'),
(3, 15, 'disagree'),
(3, 16, 'disagree'),
(3, 17, 'disagree'),
(3, 18, 'disagree'),
(3, 19, 'disagree'),
(3, 20, 'disagree'),
(3, 21, 'disagree'),
(3, 22, 'disagree'),
(3, 23, 'disagree'),
(3, 24, 'disagree'),
(3, 25, 'disagree'),
(3, 26, 'disagree'),
(3, 27, 'disagree'),
(3, 28, 'disagree'),
(3, 29, 'disagree'),
(3, 30, 'agree'),
(3, 31, 'agree'),
(3, 32, 'agree'),
(3, 33, 'agree'),
(3, 34, 'agree'),
(3, 35, 'agree'),
(3, 36, 'agree'),
(3, 37, 'agree'),
(3, 38, 'agree'),
(3, 39, 'agree'),
(3, 40, 'disagree'),
(3, 41, 'disagree'),
(3, 42, 'disagree'),
(3, 43, 'disagree'),
(3, 44, 'disagree'),
(3, 45, 'disagree'),
(3, 46, 'disagree'),
(3, 47, 'disagree'),
(3, 48, 'disagree'),
(3, 49, 'disagree'),
(3, 50, 'disagree'),
(3, 51, 'disagree'),
(3, 52, 'disagree'),
(3, 53, 'disagree'),
(3, 54, 'disagree'),
(3, 55, 'disagree'),
(3, 56, 'disagree'),
(3, 57, 'disagree'),
(3, 58, 'disagree'),
(3, 59, 'disagree'),
(3, 60, 'disagree'),
(3, 61, 'disagree'),
(3, 62, 'disagree'),
(3, 63, 'disagree'),
(3, 64, 'disagree'),
(3, 65, 'disagree'),
(3, 66, 'disagree'),
(3, 67, 'disagree'),
(3, 68, 'disagree'),
(3, 69, 'disagree'),
(3, 70, 'disagree'),
(3, 71, 'disagree'),
(3, 72, 'disagree'),
(3, 73, 'disagree'),
(3, 74, 'disagree'),
(3, 75, 'disagree'),
(3, 76, 'disagree'),
(3, 77, 'disagree'),
(3, 78, 'disagree'),
(3, 79, 'disagree'),
(3, 80, 'disagree'),
(3, 81, 'disagree'),
(3, 82, 'disagree'),
(3, 83, 'disagree'),
(3, 84, 'disagree'),
(3, 85, 'disagree'),
(3, 86, 'disagree'),
(3, 87, 'disagree'),
(3, 88, 'disagree'),
(3, 89, 'disagree'),
(3, 90, 'disagree'),
(3, 91, 'disagree'),
(3, 92, 'disagree'),
(3, 93, 'disagree'),
(3, 94, 'disagree'),
(3, 95, 'disagree'),
(3, 96, 'disagree'),
(3, 97, 'disagree'),
(3, 98, 'disagree'),
(3, 99, 'disagree'),
(3, 100, 'disagree'),
(3, 101, 'disagree'),
(3, 102, 'disagree'),
(3, 103, 'disagree'),
(3, 104, 'disagree'),
(3, 105, 'disagree'),
(3, 106, 'disagree'),
(3, 107, 'disagree'),
(3, 108, 'disagree'),
(3, 109, 'disagree'),
(3, 110, 'disagree'),
(3, 111, 'disagree'),
(3, 112, 'disagree'),
(3, 113, 'disagree'),
(3, 114, 'disagree'),
(3, 115, 'disagree'),
(3, 116, 'disagree'),
(3, 117, 'disagree'),
(3, 118, 'disagree'),
(3, 119, 'disagree'),
(3, 120, 'disagree'),
(3, 121, 'disagree'),
(3, 122, 'disagree'),
(3, 123, 'disagree'),
(3, 124, 'disagree'),
(3, 125, 'disagree'),
(3, 126, 'disagree'),
(3, 127, 'disagree'),
(3, 128, 'disagree'),
(3, 129, 'disagree'),
(3, 130, 'disagree'),
(3, 131, 'disagree'),
(3, 132, 'disagree'),
(3, 133, 'disagree'),
(3, 134, 'disagree'),
(3, 135, 'disagree'),
(3, 136, 'disagree'),
(3, 137, 'disagree'),
(3, 138, 'disagree'),
(3, 139, 'disagree'),
(3, 140, 'disagree'),
(3, 141, 'disagree'),
(3, 142, 'disagree'),
(3, 143, 'disagree'),
(3, 144, 'disagree'),
(3, 145, 'disagree'),
(3, 146, 'disagree'),
(3, 147, 'disagree'),
(3, 148, 'disagree'),
(3, 149, 'disagree'),
(4, 0, 'disagree'),
(4, 1, 'disagree'),
(4, 2, 'disagree'),
(4, 3, 'disagree'),
(4, 4, 'disagree'),
(4, 5, 'disagree'),
(4, 6, 'disagree'),
(4, 7, 'disagree'),
(4, 8, 'disagree'),
(4, 9, 'disagree'),
(4, 10, 'disagree'),
(4, 11, 'disagree'),
(4, 12, 'disagree'),
(4, 13, 'disagree'),
(4, 14, 'disagree'),
(4, 15, 'disagree'),
(4, 16, 'disagree'),
(4, 17, 'disagree'),
(4, 18, 'disagree'),
(4, 19, 'disagree'),
(4, 20, 'disagree'),
(4, 21, 'disagree'),
(4, 22, 'disagree'),
(4, 23, 'disagree'),
(4, 24, 'disagree'),
(4, 25, 'disagree'),
(4, 26, 'disagree'),
(4, 27, 'disagree'),
(4, 28, 'disagree'),
(4, 29, 'disagree'),
(4, 30, 'disagree'),
(4, 31, 'disagree'),
(4, 32, 'disagree'),
(4, 33, 'disagree'),
(4, 34, 'disagree'),
(4, 35, 'disagree'),
(4, 36, 'disagree'),
(4, 37, 'disagree'),
(4, 38, 'disagree'),
(4, 39, 'disagree'),
(4, 40, 'agree'),
(4, 41, 'agree'),
(4, 42, 'agree'),
(4, 43, 'agree'),
(4, 44, 'agree'),
(4, 45, 'agree'),
(4, 46, 'agree'),
(4, 47, 'agree'),
(4, 48, 'agree'),
(4, 49, 'agree'),
(4, 50, 'disagree'),
(4, 51, 'disagree'),
(4, 52, 'disagree'),
(4, 53, 'disagree'),
(4, 54, 'disagree'),
(4, 55, 'disagree'),
(4, 56, 'disagree'),
(4, 57, 'disagree'),
(4, 58, 'disagree'),
(4, 59, 'disagree'),
(4, 60, 'disagree'),
(4, 61, 'disagree'),
(4, 62, 'disagree'),
(4, 63, 'disagree'),
(4, 64, 'disagree'),
(4, 65, 'disagree'),
(4, 66, 'disagree'),
(4, 67, 'disagree'),
(4, 68, 'disagree'),
(4, 69, 'disagree'),
(4, 70, 'disagree'),
(4, 71, 'disagree'),
(4, 72, 'disagree'),
(4, 73, 'disagree'),
(4, 74, 'disagree'),
(4, 75, 'disagree'),
(4, 76, 'disagree'),
(4, 77, 'disagree'),
(4, 78, 'disagree'),
(4, 79, 'disagree'),
(4, 80, 'disagree'),
(4, 81, 'disagree'),
(4, 82, 'disagree'),
(4, 83, 'disagree'),
(4, 84, 'disagree'),
(4, 85, 'disagree'),
(4, 86, 'disagree'),
(4, 87, 'disagree'),
(4, 88, 'disagree'),
(4, 89, 'disagree'),
(4, 90, 'disagree'),
(4, 91, 'disagree'),
(4, 92, 'disagree'),
(4, 93, 'disagree'),
(4, 94, 'disagree'),
(4, 95, 'disagree'),
(4, 96, 'disagree'),
(4, 97, 'disagree'),
(4, 98, 'disagree'),
(4, 99, 'disagree'),
(4, 100, 'disagree'),
(4, 101, 'disagree'),
(4, 102, 'disagree'),
(4, 103, 'disagree'),
(4, 104, 'disagree'),
(4, 105, 'disagree'),
(4, 106, 'disagree'),
(4, 107, 'disagree'),
(4, 108, 'disagree'),
(4, 109, 'disagree'),
(4, 110, 'disagree'),
(4, 111, 'disagree'),
(4, 112, 'disagree'),
(4, 113, 'disagree'),
(4, 114, 'disagree'),
(4, 115, 'disagree'),
(4, 116, 'disagree'),
(4, 117, 'disagree'),
(4, 118, 'disagree'),
(4, 119, 'disagree'),
(4, 120, 'disagree'),
(4, 121, 'disagree'),
(4, 122, 'disagree'),
(4, 123, 'disagree'),
(4, 124, 'disagree'),
(4, 125, 'disagree'),
(4, 126, 'disagree'),
(4, 127, 'disagree'),
(4, 128, 'disagree'),
(4, 129, 'disagree'),
(4, 130, 'disagree'),
(4, 131, 'disagree'),
(4, 132, 'disagree'),
(4, 133, 'disagree'),
(4, 134, 'disagree'),
(4, 135, 'disagree'),
(4, 136, 'disagree'),
(4, 137, 'disagree'),
(4, 138, 'disagree'),
(4, 139, 'disagree'),
(4, 140, 'disagree'),
(4, 141, 'disagree'),
(4, 142, 'disagree'),
(4, 143, 'disagree'),
(4, 144, 'disagree'),
(4, 145, 'disagree'),
(4, 146, 'disagree'),
(4, 147, 'disagree'),
(4, 148, 'disagree'),
(4, 149, 'disagree'),
(5, 0, 'disagree'),
(5, 1, 'disagree'),
(5, 2, 'disagree'),
(5, 3, 'disagree'),
(5, 4, 'disagree'),
(5, 5, 'disagree'),
(5, 6, 'disagree'),
(5, 7, 'disagree'),
(5, 8, 'disagree'),
(5, 9, 'disagree'),
(5, 10, 'disagree'),
(5, 11, 'disagree'),
(5, 12, 'disagree'),
(5, 13, 'disagree'),
(5, 14, 'disagree'),
(5, 15, 'disagree'),
(5, 16, 'disagree'),
(5, 17, 'disagree'),
(5, 18, 'disagree'),
(5, 19, 'disagree'),
(5, 20, 'disagree'),
(5, 21, 'disagree'),
(5, 22, 'disagree'),
(5, 23, 'disagree'),
(5, 24, 'disagree'),
(5, 25, 'disagree'),
(5, 26, 'disagree'),
(5, 27, 'disagree'),
(5, 28, 'disagree'),
(5, 29, 'disagree'),
(5, 30, 'disagree'),
(5, 31, 'disagree'),
(5, 32, 'disagree'),
(5, 33, 'disagree'),
(5, 34, 'disagree'),
(5, 35, 'disagree'),
(5, 36, 'disagree'),
(5, 37, 'disagree'),
(5, 38, 'disagree'),
(5, 39, 'disagree'),
(5, 40, 'disagree'),
(5, 41, 'disagree'),
(5, 42, 'disagree'),
(5, 43, 'disagree'),
(5, 44, 'disagree'),
(5, 45, 'disagree'),
(5, 46, 'disagree'),
(5, 47, 'disagree'),
(5, 48, 'disagree'),
(5, 49, 'disagree'),
(5, 50, 'agree'),
(5, 51, 'agree'),
(5, 52, 'agree'),
(5, 53, 'agree'),
(5, 54, 'agree'),
(5, 55, 'agree'),
(5, 56, 'agree'),
(5, 57, 'agree'),
(5, 58, 'agree'),
(5, 59, 'agree'),
(5, 60, 'disagree'),
(5, 61, 'disagree'),
(5, 62, 'disagree'),
(5, 63, 'disagree'),
(5, 64, 'disagree'),
(5, 65, 'disagree'),
(5, 66, 'disagree'),
(5, 67, 'disagree'),
(5, 68, 'disagree'),
(5, 69, 'disagree'),
(5, 70, 'disagree'),
(5, 71, 'disagree'),
(5, 72, 'disagree'),
(5, 73, 'disagree'),
(5, 74, 'disagree'),
(5, 75, 'disagree'),
(5, 76, 'disagree'),
(5, 77, 'disagree'),
(5, 78, 'disagree'),
(5, 79, 'disagree'),
(5, 80, 'disagree'),
(5, 81, 'disagree'),
(5, 82, 'disagree'),
(5, 83, 'disagree'),
(5, 84, 'disagree'),
(5, 85, 'disagree'),
(5, 86, 'disagree'),
(5, 87, 'disagree'),
(5, 88, 'disagree'),
(5, 89, 'disagree'),
(5, 90, 'disagree'),
(5, 91, 'disagree'),
(5, 92, 'disagree'),
(5, 93, 'disagree'),
(5, 94, 'disagree'),
(5, 95, 'disagree'),
(5, 96, 'disagree'),
(5, 97, 'disagree'),
(5, 98, 'disagree'),
(5, 99, 'disagree'),
(5, 100, 'disagree'),
(5, 101, 'disagree'),
(5, 102, 'disagree'),
(5, 103, 'disagree'),
(5, 104, 'disagree'),
(5, 105, 'disagree'),
(5, 106, 'disagree'),
(5, 107, 'disagree'),
(5, 108, 'disagree'),
(5, 109, 'disagree'),
(5, 110, 'disagree'),
(5, 111, 'disagree'),
(5, 112, 'disagree'),
(5, 113, 'disagree'),
(5, 114, 'disagree'),
(5, 115, 'disagree'),
(5, 116, 'disagree'),
(5, 117, 'disagree'),
(5, 118, 'disagree'),
(5, 119, 'disagree'),
(5, 120, 'disagree'),
(5, 121, 'disagree'),
(5, 122, 'disagree'),
(5, 123, 'disagree'),
(5, 124, 'disagree'),
(5, 125, 'disagree'),
(5, 126, 'disagree'),
(5, 127, 'disagree'),
(5, 128, 'disagree'),
(5, 129, 'disagree'),
(5, 130, 'disagree'),
(5, 131, 'disagree'),
(5, 132, 'disagree'),
(5, 133, 'disagree'),
(5, 134, 'disagree'),
(5, 135, 'disagree'),
(5, 136, 'disagree'),
(5, 137, 'disagree'),
(5, 138, 'disagree'),
(5, 139, 'disagree'),
(5, 140, 'disagree'),
(5, 141, 'disagree'),
(5, 142, 'disagree'),
(5, 143, 'disagree'),
(5, 144, 'disagree'),
(5, 145, 'disagree'),
(5, 146, 'disagree'),
(5, 147, 'disagree'),
(5, 148, 'disagree'),
(5, 149, 'disagree'),
(6, 0, 'disagree'),
(6, 1, 'disagree'),
(6, 2, 'disagree'),
(6, 3, 'disagree'),
(6, 4, 'disagree'),
(6, 5, 'disagree'),
(6, 6, 'disagree'),
(6, 7, 'disagree'),
(6, 8, 'disagree'),
(6, 9, 'disagree'),
(6, 10, 'disagree'),
(6, 11, 'disagree'),
(6, 12, 'disagree'),
(6, 13, 'disagree'),
(6, 14, 'disagree'),
(6, 15, 'disagree'),
(6, 16, 'disagree'),
(6, 17, 'disagree'),
(6, 18, 'disagree'),
(6, 19, 'disagree'),
(6, 20, 'disagree'),
(6, 21, 'disagree'),
(6, 22, 'disagree'),
(6, 23, 'disagree'),
(6, 24, 'disagree'),
(6, 25, 'disagree'),
(6, 26, 'disagree'),
(6, 27, 'disagree'),
(6, 28, 'disagree'),
(6, 29, 'disagree'),
(6, 30, 'disagree'),
(6, 31, 'disagree'),
(6, 32, 'disagree'),
(6, 33, 'disagree'),
(6, 34, 'disagree'),
(6, 35, 'disagree'),
(6, 36, 'disagree'),
(6, 37, 'disagree'),
(6, 38, 'disagree'),
(6, 39, 'disagree'),
(6, 40, 'disagree'),
(6, 41, 'disagree'),
(6, 42, 'disagree'),
(6, 43, 'disagree'),
(6, 44, 'disagree'),
(6, 45, 'disagree'),
(6, 46, 'disagree'),
(6, 47, 'disagree'),
(6, 48, 'disagree'),
(6, 49, 'disagree'),
(6, 50, 'disagree'),
(6, 51, 'disagree'),
(6, 52, 'disagree'),
(6, 53, 'disagree'),
(6, 54, 'disagree'),
(6, 55, 'disagree'),
(6, 56, 'disagree'),
(6, 57, 'disagree'),
(6, 58, 'disagree'),
(6, 59, 'disagree'),
(6, 60, 'agree'),
(6, 61, 'agree'),
(6, 62, 'agree'),
(6, 63, 'agree'),
(6, 64, 'agree'),
(6, 65, 'agree'),
(6, 66, 'agree'),
(6, 67, 'agree'),
(6, 68, 'agree'),
(6, 69, 'agree'),
(6, 70, 'disagree'),
(6, 71, 'disagree'),
(6, 72, 'disagree'),
(6, 73, 'disagree'),
(6, 74, 'disagree'),
(6, 75, 'disagree'),
(6, 76, 'disagree'),
(6, 77, 'disagree'),
(6, 78, 'disagree'),
(6, 79, 'disagree'),
(6, 80, 'disagree'),
(6, 81, 'disagree'),
(6, 82, 'disagree'),
(6, 83, 'disagree'),
(6, 84, 'disagree'),
(6, 85, 'disagree'),
(6, 86, 'disagree'),
(6, 87, 'disagree'),
(6, 88, 'disagree'),
(6, 89, 'disagree'),
(6, 90, 'disagree'),
(6, 91, 'disagree'),
(6, 92, 'disagree'),
(6, 93, 'disagree'),
(6, 94, 'disagree'),
(6, 95, 'disagree'),
(6, 96, 'disagree'),
(6, 97, 'disagree'),
(6, 98, 'disagree'),
(6, 99, 'disagree'),
(6, 100, 'disagree'),
(6, 101, 'disagree'),
(6, 102, 'disagree'),
(6, 103, 'disagree'),
(6, 104, 'disagree'),
(6, 105, 'disagree'),
(6, 106, 'disagree'),
(6, 107, 'disagree'),
(6, 108, 'disagree'),
(6, 109, 'disagree'),
(6, 110, 'disagree'),
(6, 111, 'disagree'),
(6, 112, 'disagree'),
(6, 113, 'disagree'),
(6, 114, 'disagree'),
(6, 115, 'disagree'),
(6, 116, 'disagree'),
(6, 117, 'disagree'),
(6, 118, 'disagree'),
(6, 119, 'disagree'),
(6, 120, 'disagree'),
(6, 121, 'disagree'),
(6, 122, 'disagree'),
(6, 123, 'disagree'),
(6, 124, 'disagree'),
(6, 125, 'disagree'),
(6, 126, 'disagree'),
(6, 127, 'disagree'),
(6, 128, 'disagree'),
(6, 129, 'disagree'),
(6, 130, 'disagree'),
(6, 131, 'disagree'),
(6, 132, 'disagree'),
(6, 133, 'disagree'),
(6, 134, 'disagree'),
(6, 135, 'disagree'),
(6, 136, 'disagree'),
(6, 137, 'disagree'),
(6, 138, 'disagree'),
(6, 139, 'disagree'),
(6, 140, 'disagree'),
(6, 141, 'disagree'),
(6, 142, 'disagree'),
(6, 143, 'disagree'),
(6, 144, 'disagree'),
(6, 145, 'disagree'),
(6, 146, 'disagree'),
(6, 147, 'disagree'),
(6, 148, 'disagree'),
(6, 149, 'disagree'),
(7, 0, 'disagree'),
(7, 1, 'disagree'),
(7, 2, 'disagree'),
(7, 3, 'disagree'),
(7, 4, 'disagree'),
(7, 5, 'disagree'),
(7, 6, 'disagree'),
(7, 7, 'disagree'),
(7, 8, 'disagree'),
(7, 9, 'disagree'),
(7, 10, 'disagree'),
(7, 11, 'disagree'),
(7, 12, 'disagree'),
(7, 13, 'disagree'),
(7, 14, 'disagree'),
(7, 15, 'disagree'),
(7, 16, 'disagree'),
(7, 17, 'disagree'),
(7, 18, 'disagree'),
(7, 19, 'disagree'),
(7, 20, 'disagree'),
(7, 21, 'disagree'),
(7, 22, 'disagree'),
(7, 23, 'disagree'),
(7, 24, 'disagree'),
(7, 25, 'disagree'),
(7, 26, 'disagree'),
(7, 27, 'disagree'),
(7, 28, 'disagree'),
(7, 29, 'disagree'),
(7, 30, 'disagree'),
(7, 31, 'disagree'),
(7, 32, 'disagree'),
(7, 33, 'disagree'),
(7, 34, 'disagree'),
(7, 35, 'disagree'),
(7, 36, 'disagree'),
(7, 37, 'disagree'),
(7, 38, 'disagree'),
(7, 39, 'disagree'),
(7, 40, 'disagree'),
(7, 41, 'disagree'),
(7, 42, 'disagree'),
(7, 43, 'disagree'),
(7, 44, 'disagree'),
(7, 45, 'disagree'),
(7, 46, 'disagree'),
(7, 47, 'disagree'),
(7, 48, 'disagree'),
(7, 49, 'disagree'),
(7, 50, 'disagree'),
(7, 51, 'disagree'),
(7, 52, 'disagree'),
(7, 53, 'disagree'),
(7, 54, 'disagree'),
(7, 55, 'disagree'),
(7, 56, 'disagree'),
(7, 57, 'disagree'),
(7, 58, 'disagree'),
(7, 59, 'disagree'),
(7, 60, 'disagree'),
(7, 61, 'disagree'),
(7, 62, 'disagree'),
(7, 63, 'disagree'),
(7, 64, 'disagree'),
(7, 65, 'disagree'),
(7, 66, 'disagree'),
(7, 67, 'disagree'),
(7, 68, 'disagree'),
(7, 69, 'disagree'),
(7, 70, 'agree'),
(7, 71, 'agree'),
(7, 72, 'agree'),
(7, 73, 'agree'),
(7, 74, 'agree'),
(7, 75, 'agree'),
(7, 76, 'agree'),
(7, 77, 'agree'),
(7, 78, 'agree'),
(7, 79, 'agree'),
(7, 80, 'disagree'),
(7, 81, 'disagree'),
(7, 82, 'disagree'),
(7, 83, 'disagree'),
(7, 84, 'disagree'),
(7, 85, 'disagree'),
(7, 86, 'disagree'),
(7, 87, 'disagree'),
(7, 88, 'disagree'),
(7, 89, 'disagree'),
(7, 90, 'disagree'),
(7, 91, 'disagree'),
(7, 92, 'disagree'),
(7, 93, 'disagree'),
(7, 94, 'disagree'),
(7, 95, 'disagree'),
(7, 96, 'disagree'),
(7, 97, 'disagree'),
(7, 98, 'disagree'),
(7, 99, 'disagree'),
(7, 100, 'disagree'),
(7, 101, 'disagree'),
(7, 102, 'disagree'),
(7, 103, 'disagree'),
(7, 104, 'disagree'),
(7, 105, 'disagree'),
(7, 106, 'disagree'),
(7, 107, 'disagree'),
(7, 108, 'disagree'),
(7, 109, 'disagree'),
(7, 110, 'disagree'),
(7, 111, 'disagree'),
(7, 112, 'disagree'),
(7, 113, 'disagree'),
(7, 114, 'disagree'),
(7, 115, 'disagree'),
(7, 116, 'disagree'),
(7, 117, 'disagree'),
(7, 118, 'disagree'),
(7, 119, 'disagree'),
(7, 120, 'disagree'),
(7, 121, 'disagree'),
(7, 122, 'disagree'),
(7, 123, 'disagree'),
(7, 124, 'disagree'),
(7, 125, 'disagree'),
(7, 126, 'disagree'),
(7, 127, 'disagree'),
(7, 128, 'disagree'),
(7, 129, 'disagree'),
(7, 130, 'disagree'),
(7, 131, 'disagree'),
(7, 132, 'disagree'),
(7, 133, 'disagree'),
(7, 134, 'disagree'),
(7, 135, 'disagree'),
(7, 136, 'disagree'),
(7, 137, 'disagree'),
(7, 138, 'disagree'),
(7, 139, 'disagree'),
(7, 140, 'disagree'),
(7, 141, 'disagree'),
(7, 142, 'disagree'),
(7, 143, 'disagree'),
(7, 144, 'disagree'),
(7, 145, 'disagree'),
(7, 146, 'disagree'),
(7, 147, 'disagree'),
(7, 148, 'disagree'),
(7, 149, 'disagree'),
(8, 0, 'disagree'),
(8, 1, 'disagree'),
(8, 2, 'disagree'),
(8, 3, 'disagree'),
(8, 4, 'disagree'),
(8, 5, 'disagree'),
(8, 6, 'disagree'),
(8, 7, 'disagree'),
(8, 8, 'disagree'),
(8, 9, 'disagree'),
(8, 10, 'disagree'),
(8, 11, 'disagree'),
(8, 12, 'disagree'),
(8, 13, 'disagree'),
(8, 14, 'disagree'),
(8, 15, 'disagree'),
(8, 16, 'disagree'),
(8, 17, 'disagree'),
(8, 18, 'disagree'),
(8, 19, 'disagree'),
(8, 20, 'disagree'),
(8, 21, 'disagree'),
(8, 22, 'disagree'),
(8, 23, 'disagree'),
(8, 24, 'disagree'),
(8, 25, 'disagree'),
(8, 26, 'disagree'),
(8, 27, 'disagree'),
(8, 28, 'disagree'),
(8, 29, 'disagree'),
(8, 30, 'disagree'),
(8, 31, 'disagree'),
(8, 32, 'disagree'),
(8, 33, 'disagree'),
(8, 34, 'disagree'),
(8, 35, 'disagree'),
(8, 36, 'disagree'),
(8, 37, 'disagree'),
(8, 38, 'disagree'),
(8, 39, 'disagree'),
(8, 40, 'disagree'),
(8, 41, 'disagree'),
(8, 42, 'disagree'),
(8, 43, 'disagree'),
(8, 44, 'disagree'),
(8, 45, 'disagree'),
(8, 46, 'disagree'),
(8, 47, 'disagree'),
(8, 48, 'disagree'),
(8, 49, 'disagree'),
(8, 50, 'disagree'),
(8, 51, 'disagree'),
(8, 52, 'disagree'),
(8, 53, 'disagree'),
(8, 54, 'disagree'),
(8, 55, 'disagree'),
(8, 56, 'disagree'),
(8, 57, 'disagree'),
(8, 58, 'disagree'),
(8, 59, 'disagree'),
(8, 60, 'disagree'),
(8, 61, 'disagree'),
(8, 62, 'disagree'),
(8, 63, 'disagree'),
(8, 64, 'disagree'),
(8, 65, 'disagree'),
(8, 66, 'disagree'),
(8, 67, 'disagree'),
(8, 68, 'disagree'),
(8, 69, 'disagree'),
(8, 70, 'disagree'),
(8, 71, 'disagree'),
(8, 72, 'disagree'),
(8, 73, 'disagree'),
(8, 74, 'disagree'),
(8, 75, 'disagree'),
(8, 76, 'disagree'),
(8, 77, 'disagree'),
(8, 78, 'disagree'),
(8, 79, 'disagree'),
(8, 80, 'agree'),
(8, 81, 'agree'),
(8, 82, 'agree'),
(8, 83, 'agree'),
(8, 84, 'agree'),
(8, 85, 'agree'),
(8, 86, 'agree'),
(8, 87, 'agree'),
(8, 88, 'agree'),
(8, 89, 'agree'),
(8, 90, 'disagree'),
(8, 91, 'disagree'),
(8, 92, 'disagree'),
(8, 93, 'disagree'),
(8, 94, 'disagree'),
(8, 95, 'disagree'),
(8, 96, 'disagree'),
(8, 97, 'disagree'),
(8, 98, 'disagree'),
(8, 99, 'disagree'),
(8, 100, 'disagree'),
(8, 101, 'disagree'),
(8, 102, 'disagree'),
(8, 103, 'disagree'),
(8, 104, 'disagree'),
(8, 105, 'disagree'),
(8, 106, 'disagree'),
(8, 107, 'disagree'),
(8, 108, 'disagree'),
(8, 109, 'disagree'),
(8, 110, 'disagree'),
(8, 111, 'disagree'),
(8, 112, 'disagree'),
(8, 113, 'disagree'),
(8, 114, 'disagree'),
(8, 115, 'disagree'),
(8, 116, 'disagree'),
(8, 117, 'disagree'),
(8, 118, 'disagree'),
(8, 119, 'disagree'),
(8, 120, 'disagree'),
(8, 121, 'disagree'),
(8, 122, 'disagree'),
(8, 123, 'disagree'),
(8, 124, 'disagree'),
(8, 125, 'disagree'),
(8, 126, 'disagree'),
(8, 127, 'disagree'),
(8, 128, 'disagree'),
(8, 129, 'disagree'),
(8, 130, 'disagree'),
(8, 131, 'disagree'),
(8, 132, 'disagree'),
(8, 133, 'disagree'),
(8, 134, 'disagree'),
(8, 135, 'disagree'),
(8, 136, 'disagree'),
(8, 137, 'disagree'),
(8, 138, 'disagree'),
(8, 139, 'disagree'),
(8, 140, 'disagree'),
(8, 141, 'disagree'),
(8, 142, 'disagree'),
(8, 143, 'disagree'),
(8, 144, 'disagree'),
(8, 145, 'disagree'),
(8, 146, 'disagree'),
(8, 147, 'disagree'),
(8, 148, 'disagree'),
(8, 149, 'disagree'),
(9, 0, 'disagree'),
(9, 1, 'disagree'),
(9, 2, 'disagree'),
(9, 3, 'disagree'),
(9, 4, 'disagree'),
(9, 5, 'disagree'),
(9, 6, 'disagree'),
(9, 7, 'disagree'),
(9, 8, 'disagree'),
(9, 9, 'disagree'),
(9, 10, 'disagree'),
(9, 11, 'disagree'),
(9, 12, 'disagree'),
(9, 13, 'disagree'),
(9, 14, 'disagree'),
(9, 15, 'disagree'),
(9, 16, 'disagree'),
(9, 17, 'disagree'),
(9, 18, 'disagree'),
(9, 19, 'disagree'),
(9, 20, 'disagree'),
(9, 21, 'disagree'),
(9, 22, 'disagree'),
(9, 23, 'disagree'),
(9, 24, 'disagree'),
(9, 25, 'disagree'),
(9, 26, 'disagree'),
(9, 27, 'disagree'),
(9, 28, 'disagree'),
(9, 29, 'disagree'),
(9, 30, 'disagree'),
(9, 31, 'disagree'),
(9, 32, 'disagree'),
(9, 33, 'disagree'),
(9, 34, 'disagree'),
(9, 35, 'disagree'),
(9, 36, 'disagree'),
(9, 37, 'disagree'),
(9, 38, 'disagree'),
(9, 39, 'disagree'),
(9, 40, 'disagree'),
(9, 41, 'disagree'),
(9, 42, 'disagree'),
(9, 43, 'disagree'),
(9, 44, 'disagree'),
(9, 45, 'disagree'),
(9, 46, 'disagree'),
(9, 47, 'disagree'),
(9, 48, 'disagree'),
(9, 49, 'disagree'),
(9, 50, 'disagree'),
(9, 51, 'disagree'),
(9, 52, 'disagree'),
(9, 53, 'disagree'),
(9, 54, 'disagree'),
(9, 55, 'disagree'),
(9, 56, 'disagree'),
(9, 57, 'disagree'),
(9, 58, 'disagree'),
(9, 59, 'disagree'),
(9, 60, 'disagree'),
(9, 61, 'disagree'),
(9, 62, 'disagree'),
(9, 63, 'disagree'),
(9, 64, 'disagree'),
(9, 65, 'disagree'),
(9, 66, 'disagree'),
(9, 67, 'disagree'),
(9, 68, 'disagree'),
(9, 69, 'disagree'),
(9, 70, 'disagree'),
(9, 71, 'disagree'),
(9, 72, 'disagree'),
(9, 73, 'disagree'),
(9, 74, 'disagree'),
(9, 75, 'disagree'),
(9, 76, 'disagree'),
(9, 77, 'disagree'),
(9, 78, 'disagree'),
(9, 79, 'disagree'),
(9, 80, 'disagree'),
(9, 81, 'disagree'),
(9, 82, 'disagree'),
(9, 83, 'disagree'),
(9, 84, 'disagree'),
(9, 85, 'disagree'),
(9, 86, 'disagree'),
(9, 87, 'disagree'),
(9, 88, 'disagree'),
(9, 89, 'disagree'),
(9, 90, 'agree'),
(9, 91, 'agree'),
(9, 92, 'agree'),
(9, 93, 'agree'),
(9, 94, 'agree'),
(9, 95, 'agree'),
(9, 96, 'agree'),
(9, 97, 'agree'),
(9, 98, 'agree'),
(9, 99, 'agree'),
(9, 100, 'disagree'),
(9, 101, 'disagree'),
(9, 102, 'disagree'),
(9, 103, 'disagree'),
(9, 104, 'disagree'),
(9, 105, 'disagree'),
(9, 106, 'disagree'),
(9, 107, 'disagree'),
(9, 108, 'disagree'),
(9, 109, 'disagree'),
(9, 110, 'disagree'),
(9, 111, 'disagree'),
(9, 112, 'disagree'),
(9, 113, 'disagree'),
(9, 114, 'disagree'),
(9, 115, 'disagree'),
(9, 116, 'disagree'),
(9, 117, 'disagree'),
(9, 118, 'disagree'),
(9, 119, 'disagree'),
(9, 120, 'disagree'),
(9, 121, 'disagree'),
(9, 122, 'disagree'),
(9, 123, 'disagree'),
(9, 124, 'disagree'),
(9, 125, 'disagree'),
(9, 126, 'disagree'),
(9, 127, 'disagree'),
(9, 128, 'disagree'),
(9, 129, 'disagree'),
(9, 130, 'disagree'),
(9, 131, 'disagree'),
(9, 132, 'disagree'),
(9, 133, 'disagree'),
(9, 134, 'disagree'),
(9, 135, 'disagree'),
(9, 136, 'disagree'),
(9, 137, 'disagree'),
(9, 138, 'disagree'),
(9, 139, 'disagree'),
(9, 140, 'disagree'),
(9, 141, 'disagree'),
(9, 142, 'disagree'),
(9, 143, 'disagree'),
(9, 144, 'disagree'),
(9, 145, 'disagree'),
(9, 146, 'disagree'),
(9, 147, 'disagree'),
(9, 148, 'disagree'),
(9, 149, 'disagree'),
(10, 0, 'disagree'),
(10, 1, 'disagree'),
(10, 2, 'disagree'),
(10, 3, 'disagree'),
(10, 4, 'disagree'),
(10, 5, 'disagree'),
(10, 6, 'disagree'),
(10, 7, 'disagree'),
(10, 8, 'disagree'),
(10, 9, 'disagree'),
(10, 10, 'disagree'),
(10, 11, 'disagree'),
(10, 12, 'disagree'),
(10, 13, 'disagree'),
(10, 14, 'disagree'),
(10, 15, 'disagree'),
(10, 16, 'disagree'),
(10, 17, 'disagree'),
(10, 18, 'disagree'),
(10, 19, 'disagree'),
(10, 20, 'disagree'),
(10, 21, 'disagree'),
(10, 22, 'disagree'),
(10, 23, 'disagree'),
(10, 24, 'disagree'),
(10, 25, 'disagree'),
(10, 26, 'disagree'),
(10, 27, 'disagree'),
(10, 28, 'disagree'),
(10, 29, 'disagree'),
(10, 30, 'disagree'),
(10, 31, 'disagree'),
(10, 32, 'disagree'),
(10, 33, 'disagree'),
(10, 34, 'disagree'),
(10, 35, 'disagree'),
(10, 36, 'disagree'),
(10, 37, 'disagree'),
(10, 38, 'disagree'),
(10, 39, 'disagree'),
(10, 40, 'disagree'),
(10, 41, 'disagree'),
(10, 42, 'disagree'),
(10, 43, 'disagree'),
(10, 44, 'disagree'),
(10, 45, 'disagree'),
(10, 46, 'disagree'),
(10, 47, 'disagree'),
(10, 48, 'disagree'),
(10, 49, 'disagree'),
(10, 50, 'disagree'),
(10, 51, 'disagree'),
(10, 52, 'disagree'),
(10, 53, 'disagree'),
(10, 54, 'disagree'),
(10, 55, 'disagree'),
(10, 56, 'disagree'),
(10, 57, 'disagree'),
(10, 58, 'disagree'),
(10, 59, 'disagree'),
(10, 60, 'disagree'),
(10, 61, 'disagree'),
(10, 62, 'disagree'),
(10, 63, 'disagree'),
(10, 64, 'disagree'),
(10, 65, 'disagree'),
(10, 66, 'disagree'),
(10, 67, 'disagree'),
(10, 68, 'disagree'),
(10, 69, 'disagree'),
(10, 70, 'disagree'),
(10, 71, 'disagree'),
(10, 72, 'disagree'),
(10, 73, 'disagree'),
(10, 74, 'disagree'),
(10, 75, 'disagree'),
(10, 76, 'disagree'),
(10, 77, 'disagree'),
(10, 78, 'disagree'),
(10, 79, 'disagree'),
(10, 80, 'disagree'),
(10, 81, 'disagree'),
(10, 82, 'disagree'),
(10, 83, 'disagree'),
(10, 84, 'disagree'),
(10, 85, 'disagree'),
(10, 86, 'disagree'),
(10, 87, 'disagree'),
(10, 88, 'disagree'),
(10, 89, 'disagree'),
(10, 90, 'disagree'),
(10, 91, 'disagree'),
(10, 92, 'disagree'),
(10, 93, 'disagree'),
(10, 94, 'disagree'),
(10, 95, 'disagree'),
(10, 96, 'disagree'),
(10, 97, 'disagree'),
(10, 98, 'disagree'),
(10, 99, 'disagree'),
(10, 100, 'agree'),
(10, 101, 'agree'),
(10, 102, 'agree'),
(10, 103, 'agree'),
(10, 104, 'agree'),
(10, 105, 'agree'),
(10, 106, 'agree'),
(10, 107, 'agree'),
(10, 108, 'agree'),
(10, 109, 'agree'),
(10, 110, 'disagree'),
(10, 111, 'disagree'),
(10, 112, 'disagree'),
(10, 113, 'disagree'),
(10, 114, 'disagree'),
(10, 115, 'disagree'),
(10, 116, 'disagree'),
(10, 117, 'disagree'),
(10, 118, 'disagree'),
(10, 119, 'disagree'),
(10, 120, 'disagree'),
(10, 121, 'disagree'),
(10, 122, 'disagree'),
(10, 123, 'disagree'),
(10, 124, 'disagree'),
(10, 125, 'disagree'),
(10, 126, 'disagree'),
(10, 127, 'disagree'),
(10, 128, 'disagree'),
(10, 129, 'disagree'),
(10, 130, 'disagree'),
(10, 131, 'disagree'),
(10, 132, 'disagree'),
(10, 133, 'disagree'),
(10, 134, 'disagree'),
(10, 135, 'disagree'),
(10, 136, 'disagree'),
(10, 137, 'disagree'),
(10, 138, 'disagree'),
(10, 139, 'disagree'),
(10, 140, 'disagree'),
(10, 141, 'disagree'),
(10, 142, 'disagree'),
(10, 143, 'disagree'),
(10, 144, 'disagree'),
(10, 145, 'disagree'),
(10, 146, 'disagree'),
(10, 147, 'disagree'),
(10, 148, 'disagree'),
(10, 149, 'disagree'),
(11, 0, 'disagree'),
(11, 1, 'disagree'),
(11, 2, 'disagree'),
(11, 3, 'disagree'),
(11, 4, 'disagree'),
(11, 5, 'disagree'),
(11, 6, 'disagree'),
(11, 7, 'disagree'),
(11, 8, 'disagree'),
(11, 9, 'disagree'),
(11, 10, 'disagree'),
(11, 11, 'disagree'),
(11, 12, 'disagree'),
(11, 13, 'disagree'),
(11, 14, 'disagree'),
(11, 15, 'disagree'),
(11, 16, 'disagree'),
(11, 17, 'disagree'),
(11, 18, 'disagree'),
(11, 19, 'disagree'),
(11, 20, 'disagree'),
(11, 21, 'disagree'),
(11, 22, 'disagree'),
(11, 23, 'disagree'),
(11, 24, 'disagree'),
(11, 25, 'disagree'),
(11, 26, 'disagree'),
(11, 27, 'disagree'),
(11, 28, 'disagree'),
(11, 29, 'disagree'),
(11, 30, 'disagree'),
(11, 31, 'disagree'),
(11, 32, 'disagree'),
(11, 33, 'disagree'),
(11, 34, 'disagree'),
(11, 35, 'disagree'),
(11, 36, 'disagree'),
(11, 37, 'disagree'),
(11, 38, 'disagree'),
(11, 39, 'disagree'),
(11, 40, 'disagree'),
(11, 41, 'disagree'),
(11, 42, 'disagree'),
(11, 43, 'disagree'),
(11, 44, 'disagree'),
(11, 45, 'disagree'),
(11, 46, 'disagree'),
(11, 47, 'disagree'),
(11, 48, 'disagree'),
(11, 49, 'disagree'),
(11, 50, 'disagree'),
(11, 51, 'disagree'),
(11, 52, 'disagree'),
(11, 53, 'disagree'),
(11, 54, 'disagree'),
(11, 55, 'disagree'),
(11, 56, 'disagree'),
(11, 57, 'disagree'),
(11, 58, 'disagree'),
(11, 59, 'disagree'),
(11, 60, 'disagree'),
(11, 61, 'disagree'),
(11, 62, 'disagree'),
(11, 63, 'disagree'),
(11, 64, 'disagree'),
(11, 65, 'disagree'),
(11, 66, 'disagree'),
(11, 67, 'disagree'),
(11, 68, 'disagree'),
(11, 69, 'disagree'),
(11, 70, 'disagree'),
(11, 71, 'disagree'),
(11, 72, 'disagree'),
(11, 73, 'disagree'),
(11, 74, 'disagree'),
(11, 75, 'disagree'),
(11, 76, 'disagree'),
(11, 77, 'disagree'),
(11, 78, 'disagree'),
(11, 79, 'disagree'),
(11, 80, 'disagree'),
(11, 81, 'disagree'),
(11, 82, 'disagree'),
(11, 83, 'disagree'),
(11, 84, 'disagree'),
(11, 85, 'disagree'),
(11, 86, 'disagree'),
(11, 87, 'disagree'),
(11, 88, 'disagree'),
(11, 89, 'disagree'),
(11, 90, 'disagree'),
(11, 91, 'disagree'),
(11, 92, 'disagree'),
(11, 93, 'disagree'),
(11, 94, 'disagree'),
(11, 95, 'disagree'),
(11, 96, 'disagree'),
(11, 97, 'disagree'),
(11, 98, 'disagree'),
(11, 99, 'disagree'),
(11, 100, 'disagree'),
(11, 101, 'disagree'),
(11, 102, 'disagree'),
(11, 103, 'disagree'),
(11, 104, 'disagree'),
(11, 105, 'disagree'),
(11, 106, 'disagree'),
(11, 107, 'disagree'),
(11, 108, 'disagree'),
(11, 109, 'disagree'),
(11, 110, 'agree'),
(11, 111, 'agree'),
(11, 112, 'agree'),
(11, 113, 'agree'),
(11, 114, 'agree'),
(11, 115, 'agree'),
(11, 116, 'agree'),
(11, 117, 'agree'),
(11, 118, 'agree'),
(11, 119, 'agree'),
(11, 120, 'disagree'),
(11, 121, 'disagree'),
(11, 122, 'disagree'),
(11, 123, 'disagree'),
(11, 124, 'disagree'),
(11, 125, 'disagree'),
(11, 126, 'disagree'),
(11, 127, 'disagree'),
(11, 128, 'disagree'),
(11, 129, 'disagree'),
(11, 130, 'disagree'),
(11, 131, 'disagree'),
(11, 132, 'disagree'),
(11, 133, 'disagree'),
(11, 134, 'disagree'),
(11, 135, 'disagree'),
(11, 136, 'disagree'),
(11, 137, 'disagree'),
(11, 138, 'disagree'),
(11, 139, 'disagree'),
(11, 140, 'disagree'),
(11, 141, 'disagree'),
(11, 142, 'disagree'),
(11, 143, 'disagree'),
(11, 144, 'disagree'),
(11, 145, 'disagree'),
(11, 146, 'disagree'),
(11, 147, 'disagree'),
(11, 148, 'disagree'),
(11, 149, 'disagree'),
(12, 0, 'disagree'),
(12, 1, 'disagree'),
(12, 2, 'disagree'),
(12, 3, 'disagree'),
(12, 4, 'disagree'),
(12, 5, 'disagree'),
(12, 6, 'disagree'),
(12, 7, 'disagree'),
(12, 8, 'disagree'),
(12, 9, 'disagree'),
(12, 10, 'disagree'),
(12, 11, 'disagree'),
(12, 12, 'disagree'),
(12, 13, 'disagree'),
(12, 14, 'disagree'),
(12, 15, 'disagree'),
(12, 16, 'disagree'),
(12, 17, 'disagree'),
(12, 18, 'disagree'),
(12, 19, 'disagree'),
(12, 20, 'disagree'),
(12, 21, 'disagree'),
(12, 22, 'disagree'),
(12, 23, 'disagree'),
(12, 24, 'disagree'),
(12, 25, 'disagree'),
(12, 26, 'disagree'),
(12, 27, 'disagree'),
(12, 28, 'disagree'),
(12, 29, 'disagree'),
(12, 30, 'disagree'),
(12, 31, 'disagree'),
(12, 32, 'disagree'),
(12, 33, 'disagree'),
(12, 34, 'disagree'),
(12, 35, 'disagree'),
(12, 36, 'disagree'),
(12, 37, 'disagree'),
(12, 38, 'disagree'),
(12, 39, 'disagree'),
(12, 40, 'disagree'),
(12, 41, 'disagree'),
(12, 42, 'disagree'),
(12, 43, 'disagree'),
(12, 44, 'disagree'),
(12, 45, 'disagree'),
(12, 46, 'disagree'),
(12, 47, 'disagree'),
(12, 48, 'disagree'),
(12, 49, 'disagree'),
(12, 50, 'disagree'),
(12, 51, 'disagree'),
(12, 52, 'disagree'),
(12, 53, 'disagree'),
(12, 54, 'disagree'),
(12, 55, 'disagree'),
(12, 56, 'disagree'),
(12, 57, 'disagree'),
(12, 58, 'disagree'),
(12, 59, 'disagree'),
(12, 60, 'disagree'),
(12, 61, 'disagree'),
(12, 62, 'disagree'),
(12, 63, 'disagree'),
(12, 64, 'disagree'),
(12, 65, 'disagree'),
(12, 66, 'disagree'),
(12, 67, 'disagree'),
(12, 68, 'disagree'),
(12, 69, 'disagree'),
(12, 70, 'disagree'),
(12, 71, 'disagree'),
(12, 72, 'disagree'),
(12, 73, 'disagree'),
(12, 74, 'disagree'),
(12, 75, 'disagree'),
(12, 76, 'disagree'),
(12, 77, 'disagree'),
(12, 78, 'disagree'),
(12, 79, 'disagree'),
(12, 80, 'disagree'),
(12, 81, 'disagree'),
(12, 82, 'disagree'),
(12, 83, 'disagree'),
(12, 84, 'disagree'),
(12, 85, 'disagree'),
(12, 86, 'disagree'),
(12, 87, 'disagree'),
(12, 88, 'disagree'),
(12, 89, 'disagree'),
(12, 90, 'disagree'),
(12, 91, 'disagree'),
(12, 92, 'disagree'),
(12, 93, 'disagree'),
(12, 94, 'disagree'),
(12, 95, 'disagree'),
(12, 96, 'disagree'),
(12, 97, 'disagree'),
(12, 98, 'disagree'),
(12, 99, 'disagree'),
(12, 100, 'disagree'),
(12, 101, 'disagree'),
(12, 102, 'disagree'),
(12, 103, 'disagree'),
(12, 104, 'disagree'),
(12, 105, 'disagree'),
(12, 106, 'disagree'),
(12, 107, 'disagree'),
(12, 108, 'disagree'),
(12, 109, 'disagree'),
(12, 110, 'disagree'),
(12, 111, 'disagree'),
(12, 112, 'disagree'),
(12, 113, 'disagree'),
(12, 114, 'disagree'),
(12, 115, 'disagree'),
(12, 116, 'disagree'),
(12, 117, 'disagree'),
(12, 118, 'disagree'),
(12, 119, 'disagree'),
(12, 120, 'agree'),
(12, 121, 'agree'),
(12, 122, 'agree'),
(12, 123, 'agree'),
(12, 124, 'agree'),
(12, 125, 'agree'),
(12, 126, 'agree'),
(12, 127, 'agree'),
(12, 128, 'agree'),
(12, 129, 'agree'),
(12, 130, 'disagree'),
(12, 131, 'disagree'),
(12, 132, 'disagree'),
(12, 133, 'disagree'),
(12, 134, 'disagree'),
(12, 135, 'disagree'),
(12, 136, 'disagree'),
(12, 137, 'disagree'),
(12, 138, 'disagree'),
(12, 139, 'disagree'),
(12, 140, 'disagree'),
(12, 141, 'disagree'),
(12, 142, 'disagree'),
(12, 143, 'disagree'),
(12, 144, 'disagree'),
(12, 145, 'disagree'),
(12, 146, 'disagree'),
(12, 147, 'disagree'),
(12, 148, 'disagree'),
(12, 149, 'disagree'),
(13, 0, 'disagree'),
(13, 1, 'disagree'),
(13, 2, 'disagree'),
(13, 3, 'disagree'),
(13, 4, 'disagree'),
(13, 5, 'disagree'),
(13, 6, 'disagree'),
(13, 7, 'disagree'),
(13, 8, 'disagree'),
(13, 9, 'disagree'),
(13, 10, 'disagree'),
(13, 11, 'disagree'),
(13, 12, 'disagree'),
(13, 13, 'disagree'),
(13, 14, 'disagree'),
(13, 15, 'disagree'),
(13, 16, 'disagree'),
(13, 17, 'disagree'),
(13, 18, 'disagree'),
(13, 19, 'disagree'),
(13, 20, 'disagree'),
(13, 21, 'disagree'),
(13, 22, 'disagree'),
(13, 23, 'disagree'),
(13, 24, 'disagree'),
(13, 25, 'disagree'),
(13, 26, 'disagree'),
(13, 27, 'disagree'),
(13, 28, 'disagree'),
(13, 29, 'disagree'),
(13, 30, 'disagree'),
(13, 31, 'disagree'),
(13, 32, 'disagree'),
(13, 33, 'disagree'),
(13, 34, 'disagree'),
(13, 35, 'disagree'),
(13, 36, 'disagree'),
(13, 37, 'disagree'),
(13, 38, 'disagree'),
(13, 39, 'disagree'),
(13, 40, 'disagree'),
(13, 41, 'disagree'),
(13, 42, 'disagree'),
(13, 43, 'disagree'),
(13, 44, 'disagree'),
(13, 45, 'disagree'),
(13, 46, 'disagree'),
(13, 47, 'disagree'),
(13, 48, 'disagree'),
(13, 49, 'disagree'),
(13, 50, 'disagree'),
(13, 51, 'disagree'),
(13, 52, 'disagree'),
(13, 53, 'disagree'),
(13, 54, 'disagree'),
(13, 55, 'disagree'),
(13, 56, 'disagree'),
(13, 57, 'disagree'),
(13, 58, 'disagree'),
(13, 59, 'disagree'),
(13, 60, 'disagree'),
(13, 61, 'disagree'),
(13, 62, 'disagree'),
(13, 63, 'disagree'),
(13, 64, 'disagree'),
(13, 65, 'disagree'),
(13, 66, 'disagree'),
(13, 67, 'disagree'),
(13, 68, 'disagree'),
(13, 69, 'disagree'),
(13, 70, 'disagree'),
(13, 71, 'disagree'),
(13, 72, 'disagree'),
(13, 73, 'disagree'),
(13, 74, 'disagree'),
(13, 75, 'disagree'),
(13, 76, 'disagree'),
(13, 77, 'disagree'),
(13, 78, 'disagree'),
(13, 79, 'disagree'),
(13, 80, 'disagree'),
(13, 81, 'disagree'),
(13, 82, 'disagree'),
(13, 83, 'disagree'),
(13, 84, 'disagree'),
(13, 85, 'disagree'),
(13, 86, 'disagree'),
(13, 87, 'disagree'),
(13, 88, 'disagree'),
(13, 89, 'disagree'),
(13, 90, 'disagree'),
(13, 91, 'disagree'),
(13, 92, 'disagree'),
(13, 93, 'disagree'),
(13, 94, 'disagree'),
(13, 95, 'disagree'),
(13, 96, 'disagree'),
(13, 97, 'disagree'),
(13, 98, 'disagree'),
(13, 99, 'disagree'),
(13, 100, 'disagree'),
(13, 101, 'disagree'),
(13, 102, 'disagree'),
(13, 103, 'disagree'),
(13, 104, 'disagree'),
(13, 105, 'disagree'),
(13, 106, 'disagree'),
(13, 107, 'disagree'),
(13, 108, 'disagree'),
(13, 109, 'disagree'),
(13, 110, 'disagree'),
(13, 111, 'disagree'),
(13, 112, 'disagree'),
(13, 113, 'disagree'),
(13, 114, 'disagree'),
(13, 115, 'disagree'),
(13, 116, 'disagree'),
(13, 117, 'disagree'),
(13, 118, 'disagree'),
(13, 119, 'disagree'),
(13, 120, 'disagree'),
(13, 121, 'disagree'),
(13, 122, 'disagree'),
(13, 123, 'disagree'),
(13, 124, 'disagree'),
(13, 125, 'disagree'),
(13, 126, 'disagree'),
(13, 127, 'disagree'),
(13, 128, 'disagree'),
(13, 129, 'disagree'),
(13, 130, 'agree'),
(13, 131, 'agree'),
(13, 132, 'agree'),
(13, 133, 'agree'),
(13, 134, 'agree'),
(13, 135, 'agree'),
(13, 136, 'agree'),
(13, 137, 'agree'),
(13, 138, 'agree'),
(13, 139, 'agree'),
(13, 140, 'disagree'),
(13, 141, 'disagree'),
(13, 142, 'disagree'),
(13, 143, 'disagree'),
(13, 144, 'disagree'),
(13, 145, 'disagree'),
(13, 146, 'disagree'),
(13, 147, 'disagree'),
(13, 148, 'disagree'),
(13, 149, 'disagree'),
(14, 0, 'disagree'),
(14, 1, 'disagree'),
(14, 2, 'disagree'),
(14, 3, 'disagree'),
(14, 4, 'disagree'),
(14, 5, 'disagree'),
(14, 6, 'disagree'),
(14, 7, 'disagree'),
(14, 8, 'disagree'),
(14, 9, 'disagree'),
(14, 10, 'disagree'),
(14, 11, 'disagree'),
(14, 12, 'disagree'),
(14, 13, 'disagree'),
(14, 14, 'disagree'),
(14, 15, 'disagree'),
(14, 16, 'disagree'),
(14, 17, 'disagree'),
(14, 18, 'disagree'),
(14, 19, 'disagree'),
(14, 20, 'disagree'),
(14, 21, 'disagree'),
(14, 22, 'disagree'),
(14, 23, 'disagree'),
(14, 24, 'disagree'),
(14, 25, 'disagree'),
(14, 26, 'disagree'),
(14, 27, 'disagree'),
(14, 28, 'disagree'),
(14, 29, 'disagree'),
(14, 30, 'disagree'),
(14, 31, 'disagree'),
(14, 32, 'disagree'),
(14, 33, 'disagree'),
(14, 34, 'disagree'),
(14, 35, 'disagree'),
(14, 36, 'disagree'),
(14, 37, 'disagree'),
(14, 38, 'disagree'),
(14, 39, 'disagree'),
(14, 40, 'disagree'),
(14, 41, 'disagree'),
(14, 42, 'disagree'),
(14, 43, 'disagree'),
(14, 44, 'disagree'),
(14, 45, 'disagree'),
(14, 46, 'disagree'),
(14, 47, 'disagree'),
(14, 48, 'disagree'),
(14, 49, 'disagree'),
(14, 50, 'disagree'),
(14, 51, 'disagree'),
(14, 52, 'disagree'),
(14, 53, 'disagree'),
(14, 54, 'disagree'),
(14, 55, 'disagree'),
(14, 56, 'disagree'),
(14, 57, 'disagree'),
(14, 58, 'disagree'),
(14, 59, 'disagree'),
(14, 60, 'disagree'),
(14, 61, 'disagree'),
(14, 62, 'disagree'),
(14, 63, 'disagree'),
(14, 64, 'disagree'),
(14, 65, 'disagree'),
(14, 66, 'disagree'),
(14, 67, 'disagree'),
(14, 68, 'disagree'),
(14, 69, 'disagree'),
(14, 70, 'disagree'),
(14, 71, 'disagree'),
(14, 72, 'disagree'),
(14, 73, 'disagree'),
(14, 74, 'disagree'),
(14, 75, 'disagree'),
(14, 76, 'disagree'),
(14, 77, 'disagree'),
(14, 78, 'disagree'),
(14, 79, 'disagree'),
(14, 80, 'disagree'),
(14, 81, 'disagree'),
(14, 82, 'disagree'),
(14, 83, 'disagree'),
(14, 84, 'disagree'),
(14, 85, 'disagree'),
(14, 86, 'disagree'),
(14, 87, 'disagree'),
(14, 88, 'disagree'),
(14, 89, 'disagree'),
(14, 90, 'disagree'),
(14, 91, 'disagree'),
(14, 92, 'disagree'),
(14, 93, 'disagree'),
(14, 94, 'disagree'),
(14, 95, 'disagree'),
(14, 96, 'disagree'),
(14, 97, 'disagree'),
(14, 98, 'disagree'),
(14, 99, 'disagree'),
(14, 100, 'disagree'),
(14, 101, 'disagree'),
(14, 102, 'disagree'),
(14, 103, 'disagree'),
(14, 104, 'disagree'),
(14, 105, 'disagree'),
(14, 106, 'disagree'),
(14, 107, 'disagree'),
(14, 108, 'disagree'),
(14, 109, 'disagree'),
(14, 110, 'disagree'),
(14, 111, 'disagree'),
(14, 112, 'disagree'),
(14, 113, 'disagree'),
(14, 114, 'disagree'),
(14, 115, 'disagree'),
(14, 116, 'disagree'),
(14, 117, 'disagree'),
(14, 118, 'disagree'),
(14, 119, 'disagree'),
(14, 120, 'disagree'),
(14, 121, 'disagree'),
(14, 122, 'disagree'),
(14, 123, 'disagree'),
(14, 124, 'disagree'),
(14, 125, 'disagree'),
(14, 126, 'disagree'),
(14, 127, 'disagree'),
(14, 128, 'disagree'),
(14, 129, 'disagree'),
(14, 130, 'disagree'),
(14, 131, 'disagree'),
(14, 132, 'disagree'),
(14, 133, 'disagree'),
(14, 134, 'disagree'),
(14, 135, 'disagree'),
(14, 136, 'disagree'),
(14, 137, 'disagree'),
(14, 138, 'disagree'),
(14, 139, 'disagree'),
(14, 140, 'agree'),
(14, 141, 'agree'),
(14, 142, 'agree'),
(14, 143, 'agree'),
(14, 144, 'agree'),
(14, 145, 'agree'),
(14, 146, 'agree'),
(14, 147, 'agree'),
(14, 148, 'agree'),
(14, 149, 'agree');

-- --------------------------------------------------------

--
-- Table structure for table `statements`
--

CREATE TABLE `statements` (
  `statement_id` int(11) NOT NULL,
  `statement_category` varchar(255) DEFAULT NULL,
  `statement_text` varchar(255) DEFAULT NULL
) ENGINE=InnoDB DEFAULT CHARSET=utf8mb4 COLLATE=utf8mb4_general_ci;

--
-- Dumping data for table `statements`
--

INSERT INTO `statements` (`statement_id`, `statement_category`, `statement_text`) VALUES
(0, 'Economie', 'Vind je het belangrijk dat er gestreefd wordt naar een sterke economie met lage belastingen en ruimte voor ondernemerschap?'),
(1, 'Banen', 'Vind je het belangrijk dat er banen gecreerd worden en dat werkgelegenheid bevorderd wordt door het stimuleren van bedrijvigheid en investeringen?'),
(2, 'Veiligheid', 'Vind je het belangrijk dat er een streng veiligheidsbeleid gevoerd wordt om criminaliteit aan te pakken?'),
(3, 'Onderwijs', 'Vind je het belangrijk dat de kwaliteit van het onderwijs verbeterd wordt en dat gelijke kansen voor alle leerlingen bevorderd worden?'),
(4, 'Zorg', 'Vind je het belangrijk dat de gezondheidszorg verbeterd wordt en dat er ingezet wordt op goede zorg voor iedereen?'),
(5, 'Duurzaamheid', 'Vind je het belangrijk dat er plannen zijn om duurzaamheid te bevorderen en de overgang naar schone energie te stimuleren?'),
(6, 'Migratie', 'Vind je het belangrijk dat er een helder standpunt is over migratie en dat er een goed integratiebeleid gevoerd wordt?'),
(7, 'Europese Unie', 'Vind je het belangrijk dat Nederland een sterke rol speelt binnen de Europese Unie en dat er ingezet wordt op Nederlandse belangen?'),
(8, 'Woningmarkt', 'Vind je het belangrijk dat er maatregelen genomen worden om de betaalbaarheid en beschikbaarheid van woningen te verbeteren?'),
(9, 'Infrastructuur', 'Vind je het belangrijk dat er genvesteerd wordt in de infrastructuur, zoals wegen en openbaar vervoer, om de mobiliteit te verbeteren?'),
(10, 'Democratische vernieuwing', 'Vind je het belangrijk dat er gestreefd wordt naar democratische vernieuwing en meer inspraak voor burgers?'),
(11, 'Onderwijs', 'Vind je het belangrijk dat er genvesteerd wordt in onderwijs en gelijke kansen voor alle leerlingen bevorderd worden?'),
(12, 'Duurzaamheid', 'Vind je het belangrijk dat er een ambitieus klimaatbeleid is en er genvesteerd wordt in schone energie?'),
(13, 'Europese samenwerking', 'Vind je het belangrijk dat Nederland een sterk Europa steunt en de samenwerking binnen de Europese Unie versterkt?'),
(14, 'Individualisme', 'Vind je het belangrijk dat individuele vrijheid en zelfbeschikking gewaarborgd worden, bijvoorbeeld op het gebied van medische ethiek?'),
(15, 'Innovatie', 'Vind je het belangrijk dat er gestimuleerd wordt in innovatie en genvesteerd wordt in technologische ontwikkelingen?'),
(16, 'Veiligheid', 'Vind je het belangrijk dat er een evenwichtig veiligheidsbeleid is met aandacht voor preventie, privacy en burgerrechten?'),
(17, 'Internationale samenwerking', 'Vind je het belangrijk dat Nederland een actieve rol speelt in de wereldpolitiek en zich inzet voor internationale samenwerking?'),
(18, 'Sociale gelijkheid', 'Vind je het belangrijk dat er gestreefd wordt naar een rechtvaardige samenleving met gelijke kansen en rechten voor iedereen?'),
(19, 'Gezondheidszorg', 'Vind je het belangrijk dat de gezondheidszorg verbeterd wordt en dat er ingezet wordt op goede zorg voor alle burgers?'),
(20, 'Sociale rechtvaardigheid', 'Vind je het belangrijk dat er gestreefd wordt naar een sociaal rechtvaardige samenleving met gelijke kansen voor iedereen?'),
(21, 'Werkgelegenheid', 'Vind je het belangrijk dat er genvesteerd wordt in werkgelegenheid en dat er banen gecreerd worden?'),
(22, 'Inkomensongelijkheid', 'Vind je het belangrijk dat er maatregelen genomen worden om inkomensongelijkheid te verminderen en de kloof tussen arm en rijk te verkleinen?'),
(23, 'Onderwijs', 'Vind je het belangrijk dat er genvesteerd wordt in onderwijs en dat gelijke kansen voor alle leerlingen bevorderd worden?'),
(24, 'Zorg', 'Vind je het belangrijk dat er goede en toegankelijke zorg is voor iedereen en dat de kwaliteit van de zorg verbeterd wordt?'),
(25, 'Duurzaamheid', 'Vind je het belangrijk dat er maatregelen genomen worden om de transitie naar een duurzame samenleving te bevorderen?'),
(26, 'Migratie', 'Vind je het belangrijk dat er een humaan en rechtvaardig migratiebeleid gevoerd wordt met aandacht voor integratie en diversiteit?'),
(27, 'Sociale voorzieningen', 'Vind je het belangrijk dat er sterke sociale voorzieningen zijn, zoals een goed sociaal vangnet en pensioenregelingen?'),
(28, 'Internationale samenwerking', 'Vind je het belangrijk dat Nederland zich inzet voor internationale solidariteit en samenwerking, bijvoorbeeld op het gebied van ontwikkelingshulp?'),
(29, 'Veiligheid', 'Vind je het belangrijk dat er een veilige samenleving is waarin criminaliteit effectief aangepakt wordt?'),
(30, 'Normen en waarden', 'Vind je het belangrijk dat er aandacht is voor normen en waarden in de samenleving en dat deze worden bevorderd?'),
(31, 'Familie en gemeenschap', 'Vind je het belangrijk dat er steun is voor families en dat gemeenschappen worden versterkt?'),
(32, 'Economie', 'Vind je het belangrijk dat er een gezonde economie is met aandacht voor duurzaamheid en innovatie?'),
(33, 'Onderwijs', 'Vind je het belangrijk dat er genvesteerd wordt in onderwijs en dat er aandacht is voor waardenoverdracht?'),
(34, 'Zorg', 'Vind je het belangrijk dat er goede en toegankelijke zorg is voor iedereen en dat er genvesteerd wordt in preventie?'),
(35, 'Landbouw en natuur', 'Vind je het belangrijk dat er aandacht is voor duurzame landbouw en het behoud van natuur en landschap?'),
(36, 'Veiligheid', 'Vind je het belangrijk dat er een veilige samenleving is waarin criminaliteit effectief wordt aangepakt?'),
(37, 'Europa', 'Vind je het belangrijk dat Nederland actief en kritisch deelneemt aan de Europese Unie en opkomt voor nationale belangen?'),
(38, 'Migratie', 'Vind je het belangrijk dat er een evenwichtig en rechtvaardig migratiebeleid is met aandacht voor integratie?'),
(39, 'Sociale cohesie', 'Vind je het belangrijk dat er aandacht is voor sociale cohesie en dat mensen zich verbonden voelen met elkaar?'),
(40, 'Sociale rechtvaardigheid', 'Vind je het belangrijk dat er gestreefd wordt naar een rechtvaardige samenleving met gelijke kansen voor iedereen?'),
(41, 'Inkomensongelijkheid', 'Vind je het belangrijk dat er maatregelen genomen worden om inkomensongelijkheid te verminderen en de kloof tussen arm en rijk te verkleinen?'),
(42, 'Werkgelegenheid', 'Vind je het belangrijk dat er genvesteerd wordt in werkgelegenheid en dat er banen gecreerd worden?'),
(43, 'Zorg', 'Vind je het belangrijk dat er goede en toegankelijke zorg is voor iedereen en dat de marktwerking in de zorg wordt teruggedrongen?'),
(44, 'Onderwijs', 'Vind je het belangrijk dat er genvesteerd wordt in onderwijs en dat er aandacht is voor gelijke kansen en kleinere klassen?'),
(45, 'Woningmarkt', 'Vind je het belangrijk dat er maatregelen genomen worden om de betaalbaarheid en beschikbaarheid van woningen te verbeteren?'),
(46, 'Duurzaamheid', 'Vind je het belangrijk dat er maatregelen genomen worden om de transitie naar een duurzame samenleving te bevorderen?'),
(47, 'Veiligheid', 'Vind je het belangrijk dat er aandacht is voor sociale veiligheid en dat criminaliteit effectief wordt aangepakt?'),
(48, 'Sociale voorzieningen', 'Vind je het belangrijk dat er sterke sociale voorzieningen zijn, zoals een goed sociaal vangnet en betaalbare zorg?'),
(49, 'Democratische controle', 'Vind je het belangrijk dat er meer democratische controle is op politieke besluitvorming en dat de macht niet alleen bij grote bedrijven ligt?'),
(50, 'Dierenwelzijn', 'Vind je het belangrijk dat er aandacht is voor het welzijn en de rechten van dieren in onze samenleving?'),
(51, 'Duurzaamheid', 'Vind je het belangrijk dat er maatregelen genomen worden om de natuur en het milieu te beschermen?'),
(52, 'Klimaatverandering', 'Vind je het belangrijk dat er actie wordt ondernomen om klimaatverandering tegen te gaan en de opwarming van de aarde te beperken?'),
(53, 'Landbouw', 'Vind je het belangrijk dat er een omslag komt naar een duurzamere en diervriendelijkere landbouwsector?'),
(54, 'Natuurbehoud', 'Vind je het belangrijk dat er maatregelen genomen worden om de biodiversiteit te behouden en natuurgebieden te beschermen?'),
(55, 'Gezondheid', 'Vind je het belangrijk dat er aandacht is voor gezonde voeding en dat er minder gebruik wordt gemaakt van schadelijke bestrijdingsmiddelen?'),
(56, 'Dierenleed', 'Vind je het belangrijk dat er strengere regels komen tegen dierenmishandeling en dat dierenleed wordt verminderd?'),
(57, 'Milieubeleid', 'Vind je het belangrijk dat er ambitieus milieubeleid wordt gevoerd, bijvoorbeeld door te streven naar een circulaire economie?'),
(58, 'Veeteelt en vleesconsumptie', 'Vind je het belangrijk dat er maatregelen genomen worden om de veeteeltsector te verduurzamen en het bewustzijn rondom vleesconsumptie te vergroten?'),
(59, 'Ethiek en rechtvaardigheid', 'Vind je het belangrijk dat ethische overwegingen en rechtvaardigheid een centrale rol spelen in politieke besluitvorming?'),
(60, 'Agrarische sector', 'Vind je het belangrijk dat er aandacht is voor de belangen van boeren en de verduurzaming van de agrarische sector?'),
(61, 'Voedselproductie', 'Vind je het belangrijk dat er gezonde en duurzame voedselproductie is in Nederland en dat de zelfvoorzienendheid wordt vergroot?'),
(62, 'Plattelandsontwikkeling', 'Vind je het belangrijk dat er genvesteerd wordt in de leefbaarheid en vitaliteit van het platteland?'),
(63, 'Dierenwelzijn', 'Vind je het belangrijk dat er aandacht is voor het welzijn en de gezondheid van dieren in de veehouderij?'),
(64, 'Natuurbeheer', 'Vind je het belangrijk dat er een evenwicht is tussen natuurbeheer en economische ontwikkeling in landelijke gebieden?'),
(65, 'Regionale economie', 'Vind je het belangrijk dat er gestreefd wordt naar een sterke regionale economie en het behoud van lokale bedrijvigheid?'),
(66, 'Duurzaamheid', 'Vind je het belangrijk dat er maatregelen genomen worden om de transitie naar een duurzame samenleving te bevorderen?'),
(67, 'Minder regelgeving', 'Vind je het belangrijk dat er minder regelgeving en bureaucratie is voor ondernemers en boeren?'),
(68, 'Voedselkwaliteit', 'Vind je het belangrijk dat er aandacht is voor de kwaliteit en veiligheid van ons voedsel en eerlijke handelspraktijken?'),
(69, 'Burgerparticipatie', 'Vind je het belangrijk dat burgers meer inspraak krijgen in besluitvorming over het platteland en landbouwbeleid?'),
(70, 'Christelijke waarden', 'Vind je het belangrijk dat er aandacht is voor christelijke waarden en normen in de politiek en samenleving?'),
(71, 'Rentmeesterschap', 'Vind je het belangrijk dat er verantwoord wordt omgegaan met de schepping en dat er maatregelen genomen worden voor duurzaamheid?'),
(72, 'Gezinsbeleid', 'Vind je het belangrijk dat er beleid is dat gezinnen ondersteunt en stimuleert?'),
(73, 'Onderwijs', 'Vind je het belangrijk dat er aandacht is voor de vrijheid van onderwijs en dat er genvesteerd wordt in kwalitatief goed onderwijs?'),
(74, 'Zorg', 'Vind je het belangrijk dat er goede en toegankelijke zorg is voor iedereen en dat er aandacht is voor ethische vraagstukken in de zorg?'),
(75, 'Armoedebestrijding', 'Vind je het belangrijk dat er maatregelen genomen worden om armoede te bestrijden en de kloof tussen arm en rijk te verkleinen?'),
(76, 'Veiligheid', 'Vind je het belangrijk dat er aandacht is voor veiligheid en dat criminaliteit effectief wordt aangepakt?'),
(77, 'Geestelijke gezondheidszorg', 'Vind je het belangrijk dat er voldoende aandacht is voor geestelijke gezondheidszorg en psychische problematiek?'),
(78, 'Migratie', 'Vind je het belangrijk dat er een humaan en rechtvaardig migratiebeleid is met oog voor kwetsbare groepen?'),
(79, 'Internationale gerechtigheid', 'Vind je het belangrijk dat Nederland zich inzet voor internationale gerechtigheid, bijvoorbeeld op het gebied van mensenrechten en ontwikkelingssamenwerking?'),
(80, 'Nexit', 'Vind je het belangrijk dat Nederland de Europese Unie verlaat en meer soevereiniteit terugkrijgt?'),
(81, 'Immigratie', 'Vind je het belangrijk dat er strengere regels komen voor immigratie en integratie?'),
(82, 'Veiligheid', 'Vind je het belangrijk dat er meer aandacht is voor veiligheid en dat criminaliteit harder wordt aangepakt?'),
(83, 'Klimaatbeleid', 'Vind je het belangrijk dat er een kritische blik is op het huidige klimaatbeleid en de kosten ervan?'),
(84, 'Referenda', 'Vind je het belangrijk dat burgers meer directe invloed hebben via bindende referenda?'),
(85, 'Ondernemerschap', 'Vind je het belangrijk dat er minder regels zijn voor ondernemers en dat het ondernemerschap gestimuleerd wordt?'),
(86, 'Belastingen', 'Vind je het belangrijk dat er lagere belastingen komen, met name voor werkenden en ondernemers?'),
(87, 'Cultuur en identiteit', 'Vind je het belangrijk dat er meer aandacht is voor Nederlandse cultuur en identiteit en dat er kritisch gekeken wordt naar culturele subsidies?'),
(88, 'Onderwijs', 'Vind je het belangrijk dat er meer aandacht is voor Nederlandse geschiedenis en cultuur in het onderwijs?'),
(89, 'Transparantie', 'Vind je het belangrijk dat er meer transparantie komt in de politiek en dat er minder achterkamertjespolitiek is?'),
(90, 'Christelijke normen en waarden', 'Vind je het belangrijk dat de politiek en samenleving gebaseerd zijn op christelijke normen en waarden?'),
(91, 'Godsdienstvrijheid', 'Vind je het belangrijk dat er ruimte is voor godsdienstvrijheid en dat de overheid deze vrijheid waarborgt?'),
(92, 'Gezin en opvoeding', 'Vind je het belangrijk dat het gezin en de rol van ouders in de opvoeding worden ondersteund en gestimuleerd?'),
(93, 'Onderwijsvrijheid', 'Vind je het belangrijk dat er ruimte is voor bijzonder onderwijs en dat ouders de vrijheid hebben om zelf de opvoeding en het onderwijs van hun kinderen vorm te geven?'),
(94, 'Bescherming van het leven', 'Vind je het belangrijk dat het leven vanaf conceptie tot natuurlijke dood beschermd wordt?'),
(95, 'Zorg en welzijn', 'Vind je het belangrijk dat er goede en toegankelijke zorg is voor iedereen, met oog voor de menselijke waardigheid?'),
(96, 'Ethiek en medisch beleid', 'Vind je het belangrijk dat er ethische grenzen worden gesteld aan medisch handelen en dat er zorgvuldig wordt omgegaan met medisch-ethische vraagstukken?'),
(97, 'Duurzaamheid', 'Vind je het belangrijk dat er rentmeesterschap wordt betracht over de schepping en dat er maatregelen worden genomen voor duurzaamheid?'),
(98, 'Armoedebestrijding', 'Vind je het belangrijk dat er oog is voor armoedebestrijding en dat er aandacht is voor de kwetsbare groepen in de samenleving?'),
(99, 'Politieke betrokkenheid', 'Vind je het belangrijk dat burgers betrokken worden bij de politiek en dat er ruimte is voor christelijke politiek in het publieke debat?'),
(100, 'Europese samenwerking', 'Vind je het belangrijk dat er meer Europese samenwerking is en dat de EU een sterkere rol speelt op het wereldtoneel?'),
(101, 'Klimaatverandering', 'Vind je het belangrijk dat er ambitieuzere maatregelen worden genomen om klimaatverandering tegen te gaan?'),
(102, 'Duurzame economie', 'Vind je het belangrijk dat er wordt ingezet op een duurzame en circulaire economie met aandacht voor innovatie?'),
(103, 'Onderwijs en mobiliteit', 'Vind je het belangrijk dat er meer mogelijkheden zijn voor internationale studie- en werkervaring binnen de EU?'),
(104, 'Democratische vernieuwing', 'Vind je het belangrijk dat de EU democratischer en transparanter wordt, bijvoorbeeld door het invoeren van pan-Europese verkiezingen?'),
(105, 'Gelijke rechten', 'Vind je het belangrijk dat er wordt gestreefd naar gelijke rechten en kansen voor iedereen binnen de EU?'),
(106, 'Digitalisering', 'Vind je het belangrijk dat er meer aandacht is voor digitale innovatie en de bescherming van digitale privacy?'),
(107, 'Sociale rechtvaardigheid', 'Vind je het belangrijk dat er wordt gestreefd naar een sociaal rechtvaardige samenleving met gelijke toegang tot zorg en onderwijs?'),
(108, 'Migratie', 'Vind je het belangrijk dat er een humaan en solidair migratiebeleid is dat zorgt voor een evenwicht tussen veiligheid en bescherming van mensenrechten?'),
(109, 'Europese identiteit', 'Vind je het belangrijk dat er een Europese identiteit wordt gevormd die gebaseerd is op diversiteit en inclusiviteit?'),
(110, 'Diversiteit en inclusie', 'Vind je het belangrijk dat er meer aandacht is voor diversiteit en inclusie in de samenleving en politiek?'),
(111, 'Gelijke kansen', 'Vind je het belangrijk dat er gelijke kansen zijn voor iedereen, ongeacht afkomst, religie of achtergrond?'),
(112, 'Discriminatiebestrijding', 'Vind je het belangrijk dat discriminatie actief wordt bestreden en dat er wetgeving is om dit te waarborgen?'),
(113, 'Integratie en participatie', 'Vind je het belangrijk dat er beleid is gericht op de integratie en participatie van verschillende bevolkingsgroepen in de samenleving?'),
(114, 'Migratiebeleid', 'Vind je het belangrijk dat er een humaan migratiebeleid is dat rekening houdt met de behoeften en rechten van migranten?'),
(115, 'Armoedebestrijding', 'Vind je het belangrijk dat er aandacht is voor armoedebestrijding, met name onder kwetsbare groepen?'),
(116, 'Onderwijskansen', 'Vind je het belangrijk dat er genvesteerd wordt in gelijke onderwijskansen voor alle kinderen, ongeacht hun achtergrond?'),
(117, 'Sociale rechtvaardigheid', 'Vind je het belangrijk dat er wordt gestreefd naar een sociaal rechtvaardige samenleving met aandacht voor inkomensongelijkheid en sociale voorzieningen?'),
(118, 'Internationale betrekkingen', 'Vind je het belangrijk dat er aandacht is voor internationale samenwerking en solidariteit, ook met landen van herkomst?'),
(119, 'Politieke vertegenwoordiging', 'Vind je het belangrijk dat diverse bevolkingsgroepen politiek vertegenwoordigd zijn en dat hun stem wordt gehoord?'),
(120, 'Pensioenen', 'Vind je het belangrijk dat er aandacht is voor een goed en betaalbaar pensioen voor ouderen?'),
(121, 'Zorg', 'Vind je het belangrijk dat er voldoende zorgvoorzieningen zijn en dat ouderen goede zorg en ondersteuning ontvangen?'),
(122, 'Koopkracht', 'Vind je het belangrijk dat de koopkracht van ouderen wordt beschermd en dat er maatregelen worden genomen om armoede onder ouderen te bestrijden?'),
(123, 'Wonen', 'Vind je het belangrijk dat er voldoende betaalbare en geschikte huisvesting is voor ouderen?'),
(124, 'Mobiliteit', 'Vind je het belangrijk dat er voldoende aandacht is voor de mobiliteit en bereikbaarheid van ouderen, bijvoorbeeld met betere openbaar vervoer en toegankelijke voorzieningen?'),
(125, 'Gezondheid', 'Vind je het belangrijk dat er aandacht is voor de gezondheid en het welzijn van ouderen, inclusief preventieve maatregelen?'),
(126, 'Langer doorwerken', 'Vind je het belangrijk dat er flexibele mogelijkheden zijn voor ouderen om langer door te werken, als zij dat willen?'),
(127, 'Vereenzaming', 'Vind je het belangrijk dat er aandacht is voor het tegengaan van eenzaamheid onder ouderen en dat er sociale activiteiten en ondersteuning beschikbaar zijn?'),
(128, 'Ouderenparticipatie', 'Vind je het belangrijk dat ouderen actief kunnen deelnemen aan de samenleving en dat hun kennis en ervaring worden benut?'),
(129, 'Belangenbehartiging', 'Vind je het belangrijk dat er een sterke politieke vertegenwoordiging is voor de belangen van ouderen en dat er specifiek beleid wordt gevoerd?'),
(130, 'Immigratie', 'Vind je het belangrijk dat er strengere regels komen voor immigratie en dat de Nederlandse cultuur behouden blijft?'),
(131, 'Veiligheid', 'Vind je het belangrijk dat er harder wordt opgetreden tegen criminaliteit en dat de veiligheid in Nederland wordt vergroot?'),
(132, 'Islam', 'Vind je het belangrijk dat de invloed van de islam in Nederland wordt teruggedrongen en dat er maatregelen worden genomen om de Nederlandse normen en waarden te beschermen?'),
(133, 'EU-lidmaatschap', 'Vind je het belangrijk dat Nederland uit de Europese Unie stapt en meer controle krijgt over eigen wetten en regelgeving?'),
(134, 'Economie en banen', 'Vind je het belangrijk dat er maatregelen worden genomen om de Nederlandse economie te versterken en banen te behouden voor Nederlanders?'),
(135, 'Zorg', 'Vind je het belangrijk dat er voldoende aandacht en investeringen zijn voor de zorg, zodat iedereen toegang heeft tot goede en betaalbare zorg?'),
(136, 'Onderwijs', 'Vind je het belangrijk dat er meer aandacht is voor Nederlandse geschiedenis en cultuur in het onderwijs en dat er maatregelen worden genomen om de kwaliteit van het onderwijs te verbeteren?'),
(137, 'Pensioenen', 'Vind je het belangrijk dat de pensioenen worden beschermd en dat er maatregelen worden genomen om de koopkracht van ouderen te waarborgen?'),
(138, 'Belastingen', 'Vind je het belangrijk dat de belastingen worden verlaagd, met name voor werkenden en ouderen?'),
(139, 'Democratie', 'Vind je het belangrijk dat de Nederlandse democratie wordt versterkt en dat burgers meer inspraak hebben via bindende referenda?'),
(140, 'Immigratie', 'Vind je het belangrijk dat er strengere regels komen voor immigratie en dat de Nederlandse identiteit en cultuur behouden blijven?'),
(141, 'Veiligheid', 'Vind je het belangrijk dat er meer aandacht is voor veiligheid en dat er harder wordt opgetreden tegen criminaliteit?'),
(142, 'EU-lidmaatschap', 'Vind je het belangrijk dat Nederland meer soevereiniteit behoudt en dat de Europese Unie niet te veel macht krijgt?'),
(143, 'Economie en ondernemerschap', 'Vind je het belangrijk dat er maatregelen worden genomen om de Nederlandse economie te stimuleren en het ondernemerschap te bevorderen?'),
(144, 'Onderwijs', 'Vind je het belangrijk dat er meer aandacht is voor de basisvaardigheden in het onderwijs en dat er ruimte is voor maatwerk?'),
(145, 'Zorg', 'Vind je het belangrijk dat er voldoende investeringen zijn in de zorg en dat er meer keuzevrijheid komt voor patinten?'),
(146, 'Klimaatbeleid', 'Vind je het belangrijk dat er realistisch klimaatbeleid wordt gevoerd dat rekening houdt met de economische belangen van Nederland?'),
(147, 'Wonen', 'Vind je het belangrijk dat er voldoende betaalbare woningen beschikbaar zijn en dat er ruimte is voor eigen woningbezit?'),
(148, 'Belastingen', 'Vind je het belangrijk dat de belastingen worden verlaagd, met name voor werkenden en het midden- en kleinbedrijf?'),
(149, 'Directe democratie', 'Vind je het belangrijk dat burgers meer directe invloed krijgen op de politiek, bijvoorbeeld via bindende referenda?');

-- --------------------------------------------------------

--
-- Table structure for table `user_responses`
--

CREATE TABLE `user_responses` (
  `user_id` int(11) NOT NULL,
  `statement_id` int(11) DEFAULT NULL,
  `response` varchar(10) DEFAULT NULL
) ENGINE=InnoDB DEFAULT CHARSET=utf8mb4 COLLATE=utf8mb4_general_ci;

--
-- Indexes for dumped tables
--

--
-- Indexes for table `parties`
--
ALTER TABLE `parties`
  ADD PRIMARY KEY (`party_id`);

--
-- Indexes for table `party_positions`
--
ALTER TABLE `party_positions`
  ADD KEY `party_id` (`party_id`),
  ADD KEY `statement_id` (`statement_id`);

--
-- Indexes for table `statements`
--
ALTER TABLE `statements`
  ADD PRIMARY KEY (`statement_id`);

--
-- Indexes for table `user_responses`
--
ALTER TABLE `user_responses`
  ADD PRIMARY KEY (`user_id`),
  ADD KEY `statement_id` (`statement_id`);

--
-- Constraints for dumped tables
--

--
-- Constraints for table `party_positions`
--
ALTER TABLE `party_positions`
  ADD CONSTRAINT `party_positions_ibfk_1` FOREIGN KEY (`party_id`) REFERENCES `parties` (`party_id`),
  ADD CONSTRAINT `party_positions_ibfk_2` FOREIGN KEY (`statement_id`) REFERENCES `statements` (`statement_id`);

--
-- Constraints for table `user_responses`
--
ALTER TABLE `user_responses`
  ADD CONSTRAINT `user_responses_ibfk_1` FOREIGN KEY (`statement_id`) REFERENCES `statements` (`statement_id`);
COMMIT;

/*!40101 SET CHARACTER_SET_CLIENT=@OLD_CHARACTER_SET_CLIENT */;
/*!40101 SET CHARACTER_SET_RESULTS=@OLD_CHARACTER_SET_RESULTS */;
/*!40101 SET COLLATION_CONNECTION=@OLD_COLLATION_CONNECTION */;
